state,date,observation,location,as_of,target
AK,2024-11-09,13,02,2025-06-10,wk inc covid hosp
AK,2024-11-16,10,02,2025-06-10,wk inc covid hosp
AK,2024-11-23,8,02,2025-06-10,wk inc covid hosp
AK,2024-11-30,5,02,2025-06-10,wk inc covid hosp
AK,2024-12-07,17,02,2025-06-10,wk inc covid hosp
AK,2024-12-14,8,02,2025-06-10,wk inc covid hosp
AK,2024-12-21,10,02,2025-06-10,wk inc covid hosp
AK,2024-12-28,14,02,2025-06-10,wk inc covid hosp
AK,2025-01-04,6,02,2025-06-10,wk inc covid hosp
AK,2025-01-11,14,02,2025-06-10,wk inc covid hosp
AK,2025-01-18,7,02,2025-06-10,wk inc covid hosp
AK,2025-01-25,5,02,2025-06-10,wk inc covid hosp
AK,2025-02-01,9,02,2025-06-10,wk inc covid hosp
AK,2025-02-08,10,02,2025-06-10,wk inc covid hosp
AK,2025-02-15,11,02,2025-06-10,wk inc covid hosp
AK,2025-02-22,10,02,2025-06-10,wk inc covid hosp
AK,2025-03-01,19,02,2025-06-10,wk inc covid hosp
AK,2025-03-08,14,02,2025-06-10,wk inc covid hosp
AK,2025-03-15,21,02,2025-06-10,wk inc covid hosp
AK,2025-03-22,10,02,2025-06-10,wk inc covid hosp
AK,2025-03-29,8,02,2025-06-10,wk inc covid hosp
AK,2025-04-05,7,02,2025-06-10,wk inc covid hosp
AK,2025-04-12,4,02,2025-06-10,wk inc covid hosp
AK,2025-04-19,7,02,2025-06-10,wk inc covid hosp
AK,2025-04-26,6,02,2025-06-10,wk inc covid hosp
AK,2025-05-03,8,02,2025-06-10,wk inc covid hosp
AK,2025-05-10,6,02,2025-06-10,wk inc covid hosp
AK,2025-05-17,6,02,2025-06-10,wk inc covid hosp
AK,2025-05-24,6,02,2025-06-10,wk inc covid hosp
AK,2025-05-31,8,02,2025-06-10,wk inc covid hosp
AL,2024-11-09,115,01,2025-06-10,wk inc covid hosp
AL,2024-11-16,83,01,2025-06-10,wk inc covid hosp
AL,2024-11-23,71,01,2025-06-10,wk inc covid hosp
AL,2024-11-30,91,01,2025-06-10,wk inc covid hosp
AL,2024-12-07,104,01,2025-06-10,wk inc covid hosp
AL,2024-12-14,113,01,2025-06-10,wk inc covid hosp
AL,2024-12-21,152,01,2025-06-10,wk inc covid hosp
AL,2024-12-28,216,01,2025-06-10,wk inc covid hosp
AL,2025-01-04,226,01,2025-06-10,wk inc covid hosp
AL,2025-01-11,215,01,2025-06-10,wk inc covid hosp
AL,2025-01-18,192,01,2025-06-10,wk inc covid hosp
AL,2025-01-25,178,01,2025-06-10,wk inc covid hosp
AL,2025-02-01,212,01,2025-06-10,wk inc covid hosp
AL,2025-02-08,227,01,2025-06-10,wk inc covid hosp
AL,2025-02-15,225,01,2025-06-10,wk inc covid hosp
AL,2025-02-22,186,01,2025-06-10,wk inc covid hosp
AL,2025-03-01,210,01,2025-06-10,wk inc covid hosp
AL,2025-03-08,239,01,2025-06-10,wk inc covid hosp
AL,2025-03-15,247,01,2025-06-10,wk inc covid hosp
AL,2025-03-22,232,01,2025-06-10,wk inc covid hosp
AL,2025-03-29,195,01,2025-06-10,wk inc covid hosp
AL,2025-04-05,139,01,2025-06-10,wk inc covid hosp
AL,2025-04-12,118,01,2025-06-10,wk inc covid hosp
AL,2025-04-19,103,01,2025-06-10,wk inc covid hosp
AL,2025-04-26,84,01,2025-06-10,wk inc covid hosp
AL,2025-05-03,87,01,2025-06-10,wk inc covid hosp
AL,2025-05-10,66,01,2025-06-10,wk inc covid hosp
AL,2025-05-17,84,01,2025-06-10,wk inc covid hosp
AL,2025-05-24,67,01,2025-06-10,wk inc covid hosp
AL,2025-05-31,57,01,2025-06-10,wk inc covid hosp
AR,2024-11-09,60,05,2025-06-10,wk inc covid hosp
AR,2024-11-16,46,05,2025-06-10,wk inc covid hosp
AR,2024-11-23,52,05,2025-06-10,wk inc covid hosp
AR,2024-11-30,58,05,2025-06-10,wk inc covid hosp
AR,2024-12-07,66,05,2025-06-10,wk inc covid hosp
AR,2024-12-14,61,05,2025-06-10,wk inc covid hosp
AR,2024-12-21,83,05,2025-06-10,wk inc covid hosp
AR,2024-12-28,125,05,2025-06-10,wk inc covid hosp
AR,2025-01-04,154,05,2025-06-10,wk inc covid hosp
AR,2025-01-11,105,05,2025-06-10,wk inc covid hosp
AR,2025-01-18,109,05,2025-06-10,wk inc covid hosp
AR,2025-01-25,104,05,2025-06-10,wk inc covid hosp
AR,2025-02-01,99,05,2025-06-10,wk inc covid hosp
AR,2025-02-08,124,05,2025-06-10,wk inc covid hosp
AR,2025-02-15,109,05,2025-06-10,wk inc covid hosp
AR,2025-02-22,84,05,2025-06-10,wk inc covid hosp
AR,2025-03-01,109,05,2025-06-10,wk inc covid hosp
AR,2025-03-08,114,05,2025-06-10,wk inc covid hosp
AR,2025-03-15,105,05,2025-06-10,wk inc covid hosp
AR,2025-03-22,61,05,2025-06-10,wk inc covid hosp
AR,2025-03-29,77,05,2025-06-10,wk inc covid hosp
AR,2025-04-05,54,05,2025-06-10,wk inc covid hosp
AR,2025-04-12,41,05,2025-06-10,wk inc covid hosp
AR,2025-04-19,32,05,2025-06-10,wk inc covid hosp
AR,2025-04-26,25,05,2025-06-10,wk inc covid hosp
AR,2025-05-03,27,05,2025-06-10,wk inc covid hosp
AR,2025-05-10,14,05,2025-06-10,wk inc covid hosp
AR,2025-05-17,25,05,2025-06-10,wk inc covid hosp
AR,2025-05-24,22,05,2025-06-10,wk inc covid hosp
AR,2025-05-31,6,05,2025-06-10,wk inc covid hosp
AZ,2024-11-09,519,04,2025-06-10,wk inc covid hosp
AZ,2024-11-16,675,04,2025-06-10,wk inc covid hosp
AZ,2024-11-23,779,04,2025-06-10,wk inc covid hosp
AZ,2024-11-30,743,04,2025-06-10,wk inc covid hosp
AZ,2024-12-07,838,04,2025-06-10,wk inc covid hosp
AZ,2024-12-14,756,04,2025-06-10,wk inc covid hosp
AZ,2024-12-21,763,04,2025-06-10,wk inc covid hosp
AZ,2024-12-28,776,04,2025-06-10,wk inc covid hosp
AZ,2025-01-04,719,04,2025-06-10,wk inc covid hosp
AZ,2025-01-11,462,04,2025-06-10,wk inc covid hosp
AZ,2025-01-18,449,04,2025-06-10,wk inc covid hosp
AZ,2025-01-25,312,04,2025-06-10,wk inc covid hosp
AZ,2025-02-01,403,04,2025-06-10,wk inc covid hosp
AZ,2025-02-08,311,04,2025-06-10,wk inc covid hosp
AZ,2025-02-15,318,04,2025-06-10,wk inc covid hosp
AZ,2025-02-22,262,04,2025-06-10,wk inc covid hosp
AZ,2025-03-01,279,04,2025-06-10,wk inc covid hosp
AZ,2025-03-08,227,04,2025-06-10,wk inc covid hosp
AZ,2025-03-15,176,04,2025-06-10,wk inc covid hosp
AZ,2025-03-22,195,04,2025-06-10,wk inc covid hosp
AZ,2025-03-29,187,04,2025-06-10,wk inc covid hosp
AZ,2025-04-05,167,04,2025-06-10,wk inc covid hosp
AZ,2025-04-12,53,04,2025-06-10,wk inc covid hosp
AZ,2025-04-19,141,04,2025-06-10,wk inc covid hosp
AZ,2025-04-26,109,04,2025-06-10,wk inc covid hosp
AZ,2025-05-03,68,04,2025-06-10,wk inc covid hosp
AZ,2025-05-10,75,04,2025-06-10,wk inc covid hosp
AZ,2025-05-17,58,04,2025-06-10,wk inc covid hosp
AZ,2025-05-24,73,04,2025-06-10,wk inc covid hosp
AZ,2025-05-31,77,04,2025-06-10,wk inc covid hosp
CA,2024-11-09,634,06,2025-06-10,wk inc covid hosp
CA,2024-11-16,683,06,2025-06-10,wk inc covid hosp
CA,2024-11-23,656,06,2025-06-10,wk inc covid hosp
CA,2024-11-30,691,06,2025-06-10,wk inc covid hosp
CA,2024-12-07,752,06,2025-06-10,wk inc covid hosp
CA,2024-12-14,737,06,2025-06-10,wk inc covid hosp
CA,2024-12-21,820,06,2025-06-10,wk inc covid hosp
CA,2024-12-28,932,06,2025-06-10,wk inc covid hosp
CA,2025-01-04,1020,06,2025-06-10,wk inc covid hosp
CA,2025-01-11,900,06,2025-06-10,wk inc covid hosp
CA,2025-01-18,905,06,2025-06-10,wk inc covid hosp
CA,2025-01-25,913,06,2025-06-10,wk inc covid hosp
CA,2025-02-01,989,06,2025-06-10,wk inc covid hosp
CA,2025-02-08,891,06,2025-06-10,wk inc covid hosp
CA,2025-02-15,862,06,2025-06-10,wk inc covid hosp
CA,2025-02-22,689,06,2025-06-10,wk inc covid hosp
CA,2025-03-01,669,06,2025-06-10,wk inc covid hosp
CA,2025-03-08,623,06,2025-06-10,wk inc covid hosp
CA,2025-03-15,576,06,2025-06-10,wk inc covid hosp
CA,2025-03-22,594,06,2025-06-10,wk inc covid hosp
CA,2025-03-29,576,06,2025-06-10,wk inc covid hosp
CA,2025-04-05,500,06,2025-06-10,wk inc covid hosp
CA,2025-04-12,613,06,2025-06-10,wk inc covid hosp
CA,2025-04-19,525,06,2025-06-10,wk inc covid hosp
CA,2025-04-26,531,06,2025-06-10,wk inc covid hosp
CA,2025-05-03,483,06,2025-06-10,wk inc covid hosp
CA,2025-05-10,494,06,2025-06-10,wk inc covid hosp
CA,2025-05-17,476,06,2025-06-10,wk inc covid hosp
CA,2025-05-24,571,06,2025-06-10,wk inc covid hosp
CA,2025-05-31,680,06,2025-06-10,wk inc covid hosp
CO,2024-11-09,145,08,2025-06-10,wk inc covid hosp
CO,2024-11-16,163,08,2025-06-10,wk inc covid hosp
CO,2024-11-23,150,08,2025-06-10,wk inc covid hosp
CO,2024-11-30,171,08,2025-06-10,wk inc covid hosp
CO,2024-12-07,183,08,2025-06-10,wk inc covid hosp
CO,2024-12-14,173,08,2025-06-10,wk inc covid hosp
CO,2024-12-21,228,08,2025-06-10,wk inc covid hosp
CO,2024-12-28,289,08,2025-06-10,wk inc covid hosp
CO,2025-01-04,335,08,2025-06-10,wk inc covid hosp
CO,2025-01-11,236,08,2025-06-10,wk inc covid hosp
CO,2025-01-18,172,08,2025-06-10,wk inc covid hosp
CO,2025-01-25,166,08,2025-06-10,wk inc covid hosp
CO,2025-02-01,153,08,2025-06-10,wk inc covid hosp
CO,2025-02-08,135,08,2025-06-10,wk inc covid hosp
CO,2025-02-15,131,08,2025-06-10,wk inc covid hosp
CO,2025-02-22,102,08,2025-06-10,wk inc covid hosp
CO,2025-03-01,81,08,2025-06-10,wk inc covid hosp
CO,2025-03-08,96,08,2025-06-10,wk inc covid hosp
CO,2025-03-15,104,08,2025-06-10,wk inc covid hosp
CO,2025-03-22,79,08,2025-06-10,wk inc covid hosp
CO,2025-03-29,72,08,2025-06-10,wk inc covid hosp
CO,2025-04-05,65,08,2025-06-10,wk inc covid hosp
CO,2025-04-12,55,08,2025-06-10,wk inc covid hosp
CO,2025-04-19,56,08,2025-06-10,wk inc covid hosp
CO,2025-04-26,38,08,2025-06-10,wk inc covid hosp
CO,2025-05-03,42,08,2025-06-10,wk inc covid hosp
CO,2025-05-10,26,08,2025-06-10,wk inc covid hosp
CO,2025-05-17,51,08,2025-06-10,wk inc covid hosp
CO,2025-05-24,42,08,2025-06-10,wk inc covid hosp
CO,2025-05-31,32,08,2025-06-10,wk inc covid hosp
CT,2024-11-09,82,09,2025-06-10,wk inc covid hosp
CT,2024-11-16,70,09,2025-06-10,wk inc covid hosp
CT,2024-11-23,79,09,2025-06-10,wk inc covid hosp
CT,2024-11-30,68,09,2025-06-10,wk inc covid hosp
CT,2024-12-07,94,09,2025-06-10,wk inc covid hosp
CT,2024-12-14,101,09,2025-06-10,wk inc covid hosp
CT,2024-12-21,96,09,2025-06-10,wk inc covid hosp
CT,2024-12-28,160,09,2025-06-10,wk inc covid hosp
CT,2025-01-04,236,09,2025-06-10,wk inc covid hosp
CT,2025-01-11,227,09,2025-06-10,wk inc covid hosp
CT,2025-01-18,188,09,2025-06-10,wk inc covid hosp
CT,2025-01-25,157,09,2025-06-10,wk inc covid hosp
CT,2025-02-01,190,09,2025-06-10,wk inc covid hosp
CT,2025-02-08,166,09,2025-06-10,wk inc covid hosp
CT,2025-02-15,149,09,2025-06-10,wk inc covid hosp
CT,2025-02-22,126,09,2025-06-10,wk inc covid hosp
CT,2025-03-01,118,09,2025-06-10,wk inc covid hosp
CT,2025-03-08,84,09,2025-06-10,wk inc covid hosp
CT,2025-03-15,78,09,2025-06-10,wk inc covid hosp
CT,2025-03-22,79,09,2025-06-10,wk inc covid hosp
CT,2025-03-29,73,09,2025-06-10,wk inc covid hosp
CT,2025-04-05,65,09,2025-06-10,wk inc covid hosp
CT,2025-04-12,64,09,2025-06-10,wk inc covid hosp
CT,2025-04-19,58,09,2025-06-10,wk inc covid hosp
CT,2025-04-26,98,09,2025-06-10,wk inc covid hosp
CT,2025-05-03,60,09,2025-06-10,wk inc covid hosp
CT,2025-05-10,50,09,2025-06-10,wk inc covid hosp
CT,2025-05-17,42,09,2025-06-10,wk inc covid hosp
CT,2025-05-24,26,09,2025-06-10,wk inc covid hosp
CT,2025-05-31,27,09,2025-06-10,wk inc covid hosp
DC,2024-11-09,9,11,2025-06-10,wk inc covid hosp
DC,2024-11-16,6,11,2025-06-10,wk inc covid hosp
DC,2024-11-23,16,11,2025-06-10,wk inc covid hosp
DC,2024-11-30,10,11,2025-06-10,wk inc covid hosp
DC,2024-12-07,13,11,2025-06-10,wk inc covid hosp
DC,2024-12-14,16,11,2025-06-10,wk inc covid hosp
DC,2024-12-21,21,11,2025-06-10,wk inc covid hosp
DC,2024-12-28,24,11,2025-06-10,wk inc covid hosp
DC,2025-01-04,25,11,2025-06-10,wk inc covid hosp
DC,2025-01-11,24,11,2025-06-10,wk inc covid hosp
DC,2025-01-18,22,11,2025-06-10,wk inc covid hosp
DC,2025-01-25,29,11,2025-06-10,wk inc covid hosp
DC,2025-02-01,30,11,2025-06-10,wk inc covid hosp
DC,2025-02-08,26,11,2025-06-10,wk inc covid hosp
DC,2025-02-15,13,11,2025-06-10,wk inc covid hosp
DC,2025-02-22,22,11,2025-06-10,wk inc covid hosp
DC,2025-03-01,25,11,2025-06-10,wk inc covid hosp
DC,2025-03-08,17,11,2025-06-10,wk inc covid hosp
DC,2025-03-15,21,11,2025-06-10,wk inc covid hosp
DC,2025-03-22,19,11,2025-06-10,wk inc covid hosp
DC,2025-03-29,22,11,2025-06-10,wk inc covid hosp
DC,2025-04-05,18,11,2025-06-10,wk inc covid hosp
DC,2025-04-12,18,11,2025-06-10,wk inc covid hosp
DC,2025-04-19,8,11,2025-06-10,wk inc covid hosp
DC,2025-04-26,7,11,2025-06-10,wk inc covid hosp
DC,2025-05-03,8,11,2025-06-10,wk inc covid hosp
DC,2025-05-10,12,11,2025-06-10,wk inc covid hosp
DC,2025-05-17,4,11,2025-06-10,wk inc covid hosp
DC,2025-05-24,4,11,2025-06-10,wk inc covid hosp
DC,2025-05-31,7,11,2025-06-10,wk inc covid hosp
DE,2024-11-09,20,10,2025-06-10,wk inc covid hosp
DE,2024-11-16,18,10,2025-06-10,wk inc covid hosp
DE,2024-11-23,20,10,2025-06-10,wk inc covid hosp
DE,2024-11-30,26,10,2025-06-10,wk inc covid hosp
DE,2024-12-07,24,10,2025-06-10,wk inc covid hosp
DE,2024-12-14,25,10,2025-06-10,wk inc covid hosp
DE,2024-12-21,42,10,2025-06-10,wk inc covid hosp
DE,2024-12-28,48,10,2025-06-10,wk inc covid hosp
DE,2025-01-04,80,10,2025-06-10,wk inc covid hosp
DE,2025-01-11,41,10,2025-06-10,wk inc covid hosp
DE,2025-01-18,42,10,2025-06-10,wk inc covid hosp
DE,2025-01-25,21,10,2025-06-10,wk inc covid hosp
DE,2025-02-01,32,10,2025-06-10,wk inc covid hosp
DE,2025-02-08,31,10,2025-06-10,wk inc covid hosp
DE,2025-02-15,28,10,2025-06-10,wk inc covid hosp
DE,2025-02-22,23,10,2025-06-10,wk inc covid hosp
DE,2025-03-01,23,10,2025-06-10,wk inc covid hosp
DE,2025-03-08,35,10,2025-06-10,wk inc covid hosp
DE,2025-03-15,41,10,2025-06-10,wk inc covid hosp
DE,2025-03-22,25,10,2025-06-10,wk inc covid hosp
DE,2025-03-29,17,10,2025-06-10,wk inc covid hosp
DE,2025-04-05,22,10,2025-06-10,wk inc covid hosp
DE,2025-04-12,18,10,2025-06-10,wk inc covid hosp
DE,2025-04-19,14,10,2025-06-10,wk inc covid hosp
DE,2025-04-26,13,10,2025-06-10,wk inc covid hosp
DE,2025-05-03,8,10,2025-06-10,wk inc covid hosp
DE,2025-05-10,7,10,2025-06-10,wk inc covid hosp
DE,2025-05-17,7,10,2025-06-10,wk inc covid hosp
DE,2025-05-24,6,10,2025-06-10,wk inc covid hosp
DE,2025-05-31,7,10,2025-06-10,wk inc covid hosp
FL,2024-11-09,421,12,2025-06-10,wk inc covid hosp
FL,2024-11-16,334,12,2025-06-10,wk inc covid hosp
FL,2024-11-23,257,12,2025-06-10,wk inc covid hosp
FL,2024-11-30,320,12,2025-06-10,wk inc covid hosp
FL,2024-12-07,299,12,2025-06-10,wk inc covid hosp
FL,2024-12-14,332,12,2025-06-10,wk inc covid hosp
FL,2024-12-21,398,12,2025-06-10,wk inc covid hosp
FL,2024-12-28,432,12,2025-06-10,wk inc covid hosp
FL,2025-01-04,644,12,2025-06-10,wk inc covid hosp
FL,2025-01-11,571,12,2025-06-10,wk inc covid hosp
FL,2025-01-18,544,12,2025-06-10,wk inc covid hosp
FL,2025-01-25,616,12,2025-06-10,wk inc covid hosp
FL,2025-02-01,613,12,2025-06-10,wk inc covid hosp
FL,2025-02-08,609,12,2025-06-10,wk inc covid hosp
FL,2025-02-15,494,12,2025-06-10,wk inc covid hosp
FL,2025-02-22,460,12,2025-06-10,wk inc covid hosp
FL,2025-03-01,447,12,2025-06-10,wk inc covid hosp
FL,2025-03-08,380,12,2025-06-10,wk inc covid hosp
FL,2025-03-15,443,12,2025-06-10,wk inc covid hosp
FL,2025-03-22,396,12,2025-06-10,wk inc covid hosp
FL,2025-03-29,399,12,2025-06-10,wk inc covid hosp
FL,2025-04-05,365,12,2025-06-10,wk inc covid hosp
FL,2025-04-12,306,12,2025-06-10,wk inc covid hosp
FL,2025-04-19,317,12,2025-06-10,wk inc covid hosp
FL,2025-04-26,316,12,2025-06-10,wk inc covid hosp
FL,2025-05-03,310,12,2025-06-10,wk inc covid hosp
FL,2025-05-10,324,12,2025-06-10,wk inc covid hosp
FL,2025-05-17,306,12,2025-06-10,wk inc covid hosp
FL,2025-05-24,325,12,2025-06-10,wk inc covid hosp
FL,2025-05-31,350,12,2025-06-10,wk inc covid hosp
GA,2024-11-09,89,13,2025-06-10,wk inc covid hosp
GA,2024-11-16,80,13,2025-06-10,wk inc covid hosp
GA,2024-11-23,76,13,2025-06-10,wk inc covid hosp
GA,2024-11-30,84,13,2025-06-10,wk inc covid hosp
GA,2024-12-07,114,13,2025-06-10,wk inc covid hosp
GA,2024-12-14,159,13,2025-06-10,wk inc covid hosp
GA,2024-12-21,171,13,2025-06-10,wk inc covid hosp
GA,2024-12-28,232,13,2025-06-10,wk inc covid hosp
GA,2025-01-04,302,13,2025-06-10,wk inc covid hosp
GA,2025-01-11,251,13,2025-06-10,wk inc covid hosp
GA,2025-01-18,257,13,2025-06-10,wk inc covid hosp
GA,2025-01-25,211,13,2025-06-10,wk inc covid hosp
GA,2025-02-01,288,13,2025-06-10,wk inc covid hosp
GA,2025-02-08,312,13,2025-06-10,wk inc covid hosp
GA,2025-02-15,262,13,2025-06-10,wk inc covid hosp
GA,2025-02-22,247,13,2025-06-10,wk inc covid hosp
GA,2025-03-01,263,13,2025-06-10,wk inc covid hosp
GA,2025-03-08,279,13,2025-06-10,wk inc covid hosp
GA,2025-03-15,306,13,2025-06-10,wk inc covid hosp
GA,2025-03-22,279,13,2025-06-10,wk inc covid hosp
GA,2025-03-29,233,13,2025-06-10,wk inc covid hosp
GA,2025-04-05,199,13,2025-06-10,wk inc covid hosp
GA,2025-04-12,169,13,2025-06-10,wk inc covid hosp
GA,2025-04-19,151,13,2025-06-10,wk inc covid hosp
GA,2025-04-26,160,13,2025-06-10,wk inc covid hosp
GA,2025-05-03,103,13,2025-06-10,wk inc covid hosp
GA,2025-05-10,107,13,2025-06-10,wk inc covid hosp
GA,2025-05-17,90,13,2025-06-10,wk inc covid hosp
GA,2025-05-24,82,13,2025-06-10,wk inc covid hosp
GA,2025-05-31,73,13,2025-06-10,wk inc covid hosp
HI,2024-11-09,22,15,2025-06-10,wk inc covid hosp
HI,2024-11-16,20,15,2025-06-10,wk inc covid hosp
HI,2024-11-23,13,15,2025-06-10,wk inc covid hosp
HI,2024-11-30,10,15,2025-06-10,wk inc covid hosp
HI,2024-12-07,15,15,2025-06-10,wk inc covid hosp
HI,2024-12-14,13,15,2025-06-10,wk inc covid hosp
HI,2024-12-21,13,15,2025-06-10,wk inc covid hosp
HI,2024-12-28,9,15,2025-06-10,wk inc covid hosp
HI,2025-01-04,23,15,2025-06-10,wk inc covid hosp
HI,2025-01-11,27,15,2025-06-10,wk inc covid hosp
HI,2025-01-18,18,15,2025-06-10,wk inc covid hosp
HI,2025-01-25,12,15,2025-06-10,wk inc covid hosp
HI,2025-02-01,10,15,2025-06-10,wk inc covid hosp
HI,2025-02-08,13,15,2025-06-10,wk inc covid hosp
HI,2025-02-15,10,15,2025-06-10,wk inc covid hosp
HI,2025-02-22,16,15,2025-06-10,wk inc covid hosp
HI,2025-03-01,18,15,2025-06-10,wk inc covid hosp
HI,2025-03-08,15,15,2025-06-10,wk inc covid hosp
HI,2025-03-15,8,15,2025-06-10,wk inc covid hosp
HI,2025-03-22,17,15,2025-06-10,wk inc covid hosp
HI,2025-03-29,13,15,2025-06-10,wk inc covid hosp
HI,2025-04-05,14,15,2025-06-10,wk inc covid hosp
HI,2025-04-12,12,15,2025-06-10,wk inc covid hosp
HI,2025-04-19,18,15,2025-06-10,wk inc covid hosp
HI,2025-04-26,21,15,2025-06-10,wk inc covid hosp
HI,2025-05-03,18,15,2025-06-10,wk inc covid hosp
HI,2025-05-10,27,15,2025-06-10,wk inc covid hosp
HI,2025-05-17,32,15,2025-06-10,wk inc covid hosp
HI,2025-05-24,33,15,2025-06-10,wk inc covid hosp
HI,2025-05-31,22,15,2025-06-10,wk inc covid hosp
IA,2024-11-09,50,19,2025-06-10,wk inc covid hosp
IA,2024-11-16,43,19,2025-06-10,wk inc covid hosp
IA,2024-11-23,55,19,2025-06-10,wk inc covid hosp
IA,2024-11-30,54,19,2025-06-10,wk inc covid hosp
IA,2024-12-07,87,19,2025-06-10,wk inc covid hosp
IA,2024-12-14,84,19,2025-06-10,wk inc covid hosp
IA,2024-12-21,87,19,2025-06-10,wk inc covid hosp
IA,2024-12-28,127,19,2025-06-10,wk inc covid hosp
IA,2025-01-04,175,19,2025-06-10,wk inc covid hosp
IA,2025-01-11,163,19,2025-06-10,wk inc covid hosp
IA,2025-01-18,147,19,2025-06-10,wk inc covid hosp
IA,2025-01-25,163,19,2025-06-10,wk inc covid hosp
IA,2025-02-01,131,19,2025-06-10,wk inc covid hosp
IA,2025-02-08,121,19,2025-06-10,wk inc covid hosp
IA,2025-02-15,116,19,2025-06-10,wk inc covid hosp
IA,2025-02-22,88,19,2025-06-10,wk inc covid hosp
IA,2025-03-01,74,19,2025-06-10,wk inc covid hosp
IA,2025-03-08,74,19,2025-06-10,wk inc covid hosp
IA,2025-03-15,51,19,2025-06-10,wk inc covid hosp
IA,2025-03-22,47,19,2025-06-10,wk inc covid hosp
IA,2025-03-29,54,19,2025-06-10,wk inc covid hosp
IA,2025-04-05,42,19,2025-06-10,wk inc covid hosp
IA,2025-04-12,23,19,2025-06-10,wk inc covid hosp
IA,2025-04-19,34,19,2025-06-10,wk inc covid hosp
IA,2025-04-26,46,19,2025-06-10,wk inc covid hosp
IA,2025-05-03,38,19,2025-06-10,wk inc covid hosp
IA,2025-05-10,36,19,2025-06-10,wk inc covid hosp
IA,2025-05-17,28,19,2025-06-10,wk inc covid hosp
IA,2025-05-24,21,19,2025-06-10,wk inc covid hosp
IA,2025-05-31,13,19,2025-06-10,wk inc covid hosp
ID,2024-11-09,35,16,2025-06-10,wk inc covid hosp
ID,2024-11-16,22,16,2025-06-10,wk inc covid hosp
ID,2024-11-23,22,16,2025-06-10,wk inc covid hosp
ID,2024-11-30,23,16,2025-06-10,wk inc covid hosp
ID,2024-12-07,34,16,2025-06-10,wk inc covid hosp
ID,2024-12-14,46,16,2025-06-10,wk inc covid hosp
ID,2024-12-21,36,16,2025-06-10,wk inc covid hosp
ID,2024-12-28,56,16,2025-06-10,wk inc covid hosp
ID,2025-01-04,58,16,2025-06-10,wk inc covid hosp
ID,2025-01-11,47,16,2025-06-10,wk inc covid hosp
ID,2025-01-18,33,16,2025-06-10,wk inc covid hosp
ID,2025-01-25,26,16,2025-06-10,wk inc covid hosp
ID,2025-02-01,25,16,2025-06-10,wk inc covid hosp
ID,2025-02-08,32,16,2025-06-10,wk inc covid hosp
ID,2025-02-15,37,16,2025-06-10,wk inc covid hosp
ID,2025-02-22,26,16,2025-06-10,wk inc covid hosp
ID,2025-03-01,30,16,2025-06-10,wk inc covid hosp
ID,2025-03-08,39,16,2025-06-10,wk inc covid hosp
ID,2025-03-15,28,16,2025-06-10,wk inc covid hosp
ID,2025-03-22,27,16,2025-06-10,wk inc covid hosp
ID,2025-03-29,26,16,2025-06-10,wk inc covid hosp
ID,2025-04-05,32,16,2025-06-10,wk inc covid hosp
ID,2025-04-12,20,16,2025-06-10,wk inc covid hosp
ID,2025-04-19,16,16,2025-06-10,wk inc covid hosp
ID,2025-04-26,21,16,2025-06-10,wk inc covid hosp
ID,2025-05-03,18,16,2025-06-10,wk inc covid hosp
ID,2025-05-10,31,16,2025-06-10,wk inc covid hosp
ID,2025-05-17,26,16,2025-06-10,wk inc covid hosp
ID,2025-05-24,20,16,2025-06-10,wk inc covid hosp
ID,2025-05-31,11,16,2025-06-10,wk inc covid hosp
IL,2024-11-09,233,17,2025-06-10,wk inc covid hosp
IL,2024-11-16,219,17,2025-06-10,wk inc covid hosp
IL,2024-11-23,257,17,2025-06-10,wk inc covid hosp
IL,2024-11-30,274,17,2025-06-10,wk inc covid hosp
IL,2024-12-07,327,17,2025-06-10,wk inc covid hosp
IL,2024-12-14,439,17,2025-06-10,wk inc covid hosp
IL,2024-12-21,555,17,2025-06-10,wk inc covid hosp
IL,2024-12-28,809,17,2025-06-10,wk inc covid hosp
IL,2025-01-04,1102,17,2025-06-10,wk inc covid hosp
IL,2025-01-11,809,17,2025-06-10,wk inc covid hosp
IL,2025-01-18,715,17,2025-06-10,wk inc covid hosp
IL,2025-01-25,624,17,2025-06-10,wk inc covid hosp
IL,2025-02-01,603,17,2025-06-10,wk inc covid hosp
IL,2025-02-08,626,17,2025-06-10,wk inc covid hosp
IL,2025-02-15,540,17,2025-06-10,wk inc covid hosp
IL,2025-02-22,526,17,2025-06-10,wk inc covid hosp
IL,2025-03-01,488,17,2025-06-10,wk inc covid hosp
IL,2025-03-08,452,17,2025-06-10,wk inc covid hosp
IL,2025-03-15,461,17,2025-06-10,wk inc covid hosp
IL,2025-03-22,361,17,2025-06-10,wk inc covid hosp
IL,2025-03-29,323,17,2025-06-10,wk inc covid hosp
IL,2025-04-05,345,17,2025-06-10,wk inc covid hosp
IL,2025-04-12,249,17,2025-06-10,wk inc covid hosp
IL,2025-04-19,201,17,2025-06-10,wk inc covid hosp
IL,2025-04-26,205,17,2025-06-10,wk inc covid hosp
IL,2025-05-03,146,17,2025-06-10,wk inc covid hosp
IL,2025-05-10,117,17,2025-06-10,wk inc covid hosp
IL,2025-05-17,131,17,2025-06-10,wk inc covid hosp
IL,2025-05-24,101,17,2025-06-10,wk inc covid hosp
IL,2025-05-31,86,17,2025-06-10,wk inc covid hosp
IN,2024-11-09,185,18,2025-06-10,wk inc covid hosp
IN,2024-11-16,145,18,2025-06-10,wk inc covid hosp
IN,2024-11-23,166,18,2025-06-10,wk inc covid hosp
IN,2024-11-30,156,18,2025-06-10,wk inc covid hosp
IN,2024-12-07,257,18,2025-06-10,wk inc covid hosp
IN,2024-12-14,314,18,2025-06-10,wk inc covid hosp
IN,2024-12-21,400,18,2025-06-10,wk inc covid hosp
IN,2024-12-28,549,18,2025-06-10,wk inc covid hosp
IN,2025-01-04,673,18,2025-06-10,wk inc covid hosp
IN,2025-01-11,536,18,2025-06-10,wk inc covid hosp
IN,2025-01-18,420,18,2025-06-10,wk inc covid hosp
IN,2025-01-25,335,18,2025-06-10,wk inc covid hosp
IN,2025-02-01,361,18,2025-06-10,wk inc covid hosp
IN,2025-02-08,371,18,2025-06-10,wk inc covid hosp
IN,2025-02-15,362,18,2025-06-10,wk inc covid hosp
IN,2025-02-22,350,18,2025-06-10,wk inc covid hosp
IN,2025-03-01,275,18,2025-06-10,wk inc covid hosp
IN,2025-03-08,236,18,2025-06-10,wk inc covid hosp
IN,2025-03-15,240,18,2025-06-10,wk inc covid hosp
IN,2025-03-22,207,18,2025-06-10,wk inc covid hosp
IN,2025-03-29,171,18,2025-06-10,wk inc covid hosp
IN,2025-04-05,143,18,2025-06-10,wk inc covid hosp
IN,2025-04-12,101,18,2025-06-10,wk inc covid hosp
IN,2025-04-19,84,18,2025-06-10,wk inc covid hosp
IN,2025-04-26,81,18,2025-06-10,wk inc covid hosp
IN,2025-05-03,84,18,2025-06-10,wk inc covid hosp
IN,2025-05-10,52,18,2025-06-10,wk inc covid hosp
IN,2025-05-17,61,18,2025-06-10,wk inc covid hosp
IN,2025-05-24,44,18,2025-06-10,wk inc covid hosp
IN,2025-05-31,46,18,2025-06-10,wk inc covid hosp
KS,2024-11-09,62,20,2025-06-10,wk inc covid hosp
KS,2024-11-16,48,20,2025-06-10,wk inc covid hosp
KS,2024-11-23,59,20,2025-06-10,wk inc covid hosp
KS,2024-11-30,50,20,2025-06-10,wk inc covid hosp
KS,2024-12-07,94,20,2025-06-10,wk inc covid hosp
KS,2024-12-14,93,20,2025-06-10,wk inc covid hosp
KS,2024-12-21,135,20,2025-06-10,wk inc covid hosp
KS,2024-12-28,200,20,2025-06-10,wk inc covid hosp
KS,2025-01-04,233,20,2025-06-10,wk inc covid hosp
KS,2025-01-11,160,20,2025-06-10,wk inc covid hosp
KS,2025-01-18,122,20,2025-06-10,wk inc covid hosp
KS,2025-01-25,121,20,2025-06-10,wk inc covid hosp
KS,2025-02-01,98,20,2025-06-10,wk inc covid hosp
KS,2025-02-08,108,20,2025-06-10,wk inc covid hosp
KS,2025-02-15,112,20,2025-06-10,wk inc covid hosp
KS,2025-02-22,103,20,2025-06-10,wk inc covid hosp
KS,2025-03-01,110,20,2025-06-10,wk inc covid hosp
KS,2025-03-08,105,20,2025-06-10,wk inc covid hosp
KS,2025-03-15,77,20,2025-06-10,wk inc covid hosp
KS,2025-03-22,62,20,2025-06-10,wk inc covid hosp
KS,2025-03-29,42,20,2025-06-10,wk inc covid hosp
KS,2025-04-05,42,20,2025-06-10,wk inc covid hosp
KS,2025-04-12,37,20,2025-06-10,wk inc covid hosp
KS,2025-04-19,25,20,2025-06-10,wk inc covid hosp
KS,2025-04-26,25,20,2025-06-10,wk inc covid hosp
KS,2025-05-03,22,20,2025-06-10,wk inc covid hosp
KS,2025-05-10,22,20,2025-06-10,wk inc covid hosp
KS,2025-05-17,14,20,2025-06-10,wk inc covid hosp
KS,2025-05-24,11,20,2025-06-10,wk inc covid hosp
KS,2025-05-31,13,20,2025-06-10,wk inc covid hosp
KY,2024-11-09,131,21,2025-06-10,wk inc covid hosp
KY,2024-11-16,107,21,2025-06-10,wk inc covid hosp
KY,2024-11-23,107,21,2025-06-10,wk inc covid hosp
KY,2024-11-30,96,21,2025-06-10,wk inc covid hosp
KY,2024-12-07,137,21,2025-06-10,wk inc covid hosp
KY,2024-12-14,165,21,2025-06-10,wk inc covid hosp
KY,2024-12-21,228,21,2025-06-10,wk inc covid hosp
KY,2024-12-28,317,21,2025-06-10,wk inc covid hosp
KY,2025-01-04,449,21,2025-06-10,wk inc covid hosp
KY,2025-01-11,280,21,2025-06-10,wk inc covid hosp
KY,2025-01-18,231,21,2025-06-10,wk inc covid hosp
KY,2025-01-25,204,21,2025-06-10,wk inc covid hosp
KY,2025-02-01,207,21,2025-06-10,wk inc covid hosp
KY,2025-02-08,249,21,2025-06-10,wk inc covid hosp
KY,2025-02-15,231,21,2025-06-10,wk inc covid hosp
KY,2025-02-22,207,21,2025-06-10,wk inc covid hosp
KY,2025-03-01,229,21,2025-06-10,wk inc covid hosp
KY,2025-03-08,195,21,2025-06-10,wk inc covid hosp
KY,2025-03-15,181,21,2025-06-10,wk inc covid hosp
KY,2025-03-22,135,21,2025-06-10,wk inc covid hosp
KY,2025-03-29,125,21,2025-06-10,wk inc covid hosp
KY,2025-04-05,107,21,2025-06-10,wk inc covid hosp
KY,2025-04-12,91,21,2025-06-10,wk inc covid hosp
KY,2025-04-19,68,21,2025-06-10,wk inc covid hosp
KY,2025-04-26,68,21,2025-06-10,wk inc covid hosp
KY,2025-05-03,48,21,2025-06-10,wk inc covid hosp
KY,2025-05-10,39,21,2025-06-10,wk inc covid hosp
KY,2025-05-17,44,21,2025-06-10,wk inc covid hosp
KY,2025-05-24,37,21,2025-06-10,wk inc covid hosp
KY,2025-05-31,23,21,2025-06-10,wk inc covid hosp
LA,2024-11-09,78,22,2025-06-10,wk inc covid hosp
LA,2024-11-16,65,22,2025-06-10,wk inc covid hosp
LA,2024-11-23,68,22,2025-06-10,wk inc covid hosp
LA,2024-11-30,65,22,2025-06-10,wk inc covid hosp
LA,2024-12-07,78,22,2025-06-10,wk inc covid hosp
LA,2024-12-14,101,22,2025-06-10,wk inc covid hosp
LA,2024-12-21,111,22,2025-06-10,wk inc covid hosp
LA,2024-12-28,139,22,2025-06-10,wk inc covid hosp
LA,2025-01-04,194,22,2025-06-10,wk inc covid hosp
LA,2025-01-11,161,22,2025-06-10,wk inc covid hosp
LA,2025-01-18,137,22,2025-06-10,wk inc covid hosp
LA,2025-01-25,135,22,2025-06-10,wk inc covid hosp
LA,2025-02-01,164,22,2025-06-10,wk inc covid hosp
LA,2025-02-08,179,22,2025-06-10,wk inc covid hosp
LA,2025-02-15,165,22,2025-06-10,wk inc covid hosp
LA,2025-02-22,140,22,2025-06-10,wk inc covid hosp
LA,2025-03-01,172,22,2025-06-10,wk inc covid hosp
LA,2025-03-08,152,22,2025-06-10,wk inc covid hosp
LA,2025-03-15,184,22,2025-06-10,wk inc covid hosp
LA,2025-03-22,166,22,2025-06-10,wk inc covid hosp
LA,2025-03-29,120,22,2025-06-10,wk inc covid hosp
LA,2025-04-05,118,22,2025-06-10,wk inc covid hosp
LA,2025-04-12,93,22,2025-06-10,wk inc covid hosp
LA,2025-04-19,82,22,2025-06-10,wk inc covid hosp
LA,2025-04-26,78,22,2025-06-10,wk inc covid hosp
LA,2025-05-03,74,22,2025-06-10,wk inc covid hosp
LA,2025-05-10,57,22,2025-06-10,wk inc covid hosp
LA,2025-05-17,74,22,2025-06-10,wk inc covid hosp
LA,2025-05-24,72,22,2025-06-10,wk inc covid hosp
LA,2025-05-31,36,22,2025-06-10,wk inc covid hosp
MA,2024-11-09,234,25,2025-06-10,wk inc covid hosp
MA,2024-11-16,296,25,2025-06-10,wk inc covid hosp
MA,2024-11-23,368,25,2025-06-10,wk inc covid hosp
MA,2024-11-30,368,25,2025-06-10,wk inc covid hosp
MA,2024-12-07,448,25,2025-06-10,wk inc covid hosp
MA,2024-12-14,425,25,2025-06-10,wk inc covid hosp
MA,2024-12-21,385,25,2025-06-10,wk inc covid hosp
MA,2024-12-28,375,25,2025-06-10,wk inc covid hosp
MA,2025-01-04,596,25,2025-06-10,wk inc covid hosp
MA,2025-01-11,628,25,2025-06-10,wk inc covid hosp
MA,2025-01-18,439,25,2025-06-10,wk inc covid hosp
MA,2025-01-25,422,25,2025-06-10,wk inc covid hosp
MA,2025-02-01,352,25,2025-06-10,wk inc covid hosp
MA,2025-02-08,285,25,2025-06-10,wk inc covid hosp
MA,2025-02-15,295,25,2025-06-10,wk inc covid hosp
MA,2025-02-22,240,25,2025-06-10,wk inc covid hosp
MA,2025-03-01,254,25,2025-06-10,wk inc covid hosp
MA,2025-03-08,220,25,2025-06-10,wk inc covid hosp
MA,2025-03-15,148,25,2025-06-10,wk inc covid hosp
MA,2025-03-22,161,25,2025-06-10,wk inc covid hosp
MA,2025-03-29,170,25,2025-06-10,wk inc covid hosp
MA,2025-04-05,131,25,2025-06-10,wk inc covid hosp
MA,2025-04-12,128,25,2025-06-10,wk inc covid hosp
MA,2025-04-19,145,25,2025-06-10,wk inc covid hosp
MA,2025-04-26,140,25,2025-06-10,wk inc covid hosp
MA,2025-05-03,125,25,2025-06-10,wk inc covid hosp
MA,2025-05-10,107,25,2025-06-10,wk inc covid hosp
MA,2025-05-17,83,25,2025-06-10,wk inc covid hosp
MA,2025-05-24,93,25,2025-06-10,wk inc covid hosp
MA,2025-05-31,124,25,2025-06-10,wk inc covid hosp
MD,2024-11-09,99,24,2025-06-10,wk inc covid hosp
MD,2024-11-16,69,24,2025-06-10,wk inc covid hosp
MD,2024-11-23,87,24,2025-06-10,wk inc covid hosp
MD,2024-11-30,77,24,2025-06-10,wk inc covid hosp
MD,2024-12-07,86,24,2025-06-10,wk inc covid hosp
MD,2024-12-14,88,24,2025-06-10,wk inc covid hosp
MD,2024-12-21,112,24,2025-06-10,wk inc covid hosp
MD,2024-12-28,144,24,2025-06-10,wk inc covid hosp
MD,2025-01-04,319,24,2025-06-10,wk inc covid hosp
MD,2025-01-11,216,24,2025-06-10,wk inc covid hosp
MD,2025-01-18,196,24,2025-06-10,wk inc covid hosp
MD,2025-01-25,207,24,2025-06-10,wk inc covid hosp
MD,2025-02-01,190,24,2025-06-10,wk inc covid hosp
MD,2025-02-08,197,24,2025-06-10,wk inc covid hosp
MD,2025-02-15,220,24,2025-06-10,wk inc covid hosp
MD,2025-02-22,187,24,2025-06-10,wk inc covid hosp
MD,2025-03-01,159,24,2025-06-10,wk inc covid hosp
MD,2025-03-08,136,24,2025-06-10,wk inc covid hosp
MD,2025-03-15,139,24,2025-06-10,wk inc covid hosp
MD,2025-03-22,148,24,2025-06-10,wk inc covid hosp
MD,2025-03-29,142,24,2025-06-10,wk inc covid hosp
MD,2025-04-05,117,24,2025-06-10,wk inc covid hosp
MD,2025-04-12,101,24,2025-06-10,wk inc covid hosp
MD,2025-04-19,83,24,2025-06-10,wk inc covid hosp
MD,2025-04-26,73,24,2025-06-10,wk inc covid hosp
MD,2025-05-03,50,24,2025-06-10,wk inc covid hosp
MD,2025-05-10,43,24,2025-06-10,wk inc covid hosp
MD,2025-05-17,52,24,2025-06-10,wk inc covid hosp
MD,2025-05-24,56,24,2025-06-10,wk inc covid hosp
MD,2025-05-31,51,24,2025-06-10,wk inc covid hosp
ME,2024-11-09,36,23,2025-06-10,wk inc covid hosp
ME,2024-11-16,25,23,2025-06-10,wk inc covid hosp
ME,2024-11-23,21,23,2025-06-10,wk inc covid hosp
ME,2024-11-30,25,23,2025-06-10,wk inc covid hosp
ME,2024-12-07,20,23,2025-06-10,wk inc covid hosp
ME,2024-12-14,33,23,2025-06-10,wk inc covid hosp
ME,2024-12-21,28,23,2025-06-10,wk inc covid hosp
ME,2024-12-28,50,23,2025-06-10,wk inc covid hosp
ME,2025-01-04,93,23,2025-06-10,wk inc covid hosp
ME,2025-01-11,99,23,2025-06-10,wk inc covid hosp
ME,2025-01-18,88,23,2025-06-10,wk inc covid hosp
ME,2025-01-25,55,23,2025-06-10,wk inc covid hosp
ME,2025-02-01,46,23,2025-06-10,wk inc covid hosp
ME,2025-02-08,41,23,2025-06-10,wk inc covid hosp
ME,2025-02-15,26,23,2025-06-10,wk inc covid hosp
ME,2025-02-22,20,23,2025-06-10,wk inc covid hosp
ME,2025-03-01,9,23,2025-06-10,wk inc covid hosp
ME,2025-03-08,17,23,2025-06-10,wk inc covid hosp
ME,2025-03-15,17,23,2025-06-10,wk inc covid hosp
ME,2025-03-22,7,23,2025-06-10,wk inc covid hosp
ME,2025-03-29,3,23,2025-06-10,wk inc covid hosp
ME,2025-04-05,4,23,2025-06-10,wk inc covid hosp
ME,2025-04-12,6,23,2025-06-10,wk inc covid hosp
ME,2025-04-19,5,23,2025-06-10,wk inc covid hosp
ME,2025-04-26,8,23,2025-06-10,wk inc covid hosp
ME,2025-05-03,5,23,2025-06-10,wk inc covid hosp
ME,2025-05-10,11,23,2025-06-10,wk inc covid hosp
ME,2025-05-17,2,23,2025-06-10,wk inc covid hosp
ME,2025-05-24,10,23,2025-06-10,wk inc covid hosp
ME,2025-05-31,1,23,2025-06-10,wk inc covid hosp
MI,2024-11-09,611,26,2025-06-10,wk inc covid hosp
MI,2024-11-16,628,26,2025-06-10,wk inc covid hosp
MI,2024-11-23,460,26,2025-06-10,wk inc covid hosp
MI,2024-11-30,595,26,2025-06-10,wk inc covid hosp
MI,2024-12-07,588,26,2025-06-10,wk inc covid hosp
MI,2024-12-14,688,26,2025-06-10,wk inc covid hosp
MI,2024-12-21,547,26,2025-06-10,wk inc covid hosp
MI,2024-12-28,735,26,2025-06-10,wk inc covid hosp
MI,2025-01-04,907,26,2025-06-10,wk inc covid hosp
MI,2025-01-11,988,26,2025-06-10,wk inc covid hosp
MI,2025-01-18,628,26,2025-06-10,wk inc covid hosp
MI,2025-01-25,551,26,2025-06-10,wk inc covid hosp
MI,2025-02-01,577,26,2025-06-10,wk inc covid hosp
MI,2025-02-08,498,26,2025-06-10,wk inc covid hosp
MI,2025-02-15,456,26,2025-06-10,wk inc covid hosp
MI,2025-02-22,435,26,2025-06-10,wk inc covid hosp
MI,2025-03-01,381,26,2025-06-10,wk inc covid hosp
MI,2025-03-08,305,26,2025-06-10,wk inc covid hosp
MI,2025-03-15,223,26,2025-06-10,wk inc covid hosp
MI,2025-03-22,332,26,2025-06-10,wk inc covid hosp
MI,2025-03-29,375,26,2025-06-10,wk inc covid hosp
MI,2025-04-05,251,26,2025-06-10,wk inc covid hosp
MI,2025-04-12,254,26,2025-06-10,wk inc covid hosp
MI,2025-04-19,319,26,2025-06-10,wk inc covid hosp
MI,2025-04-26,203,26,2025-06-10,wk inc covid hosp
MI,2025-05-03,239,26,2025-06-10,wk inc covid hosp
MI,2025-05-10,185,26,2025-06-10,wk inc covid hosp
MI,2025-05-17,196,26,2025-06-10,wk inc covid hosp
MI,2025-05-24,157,26,2025-06-10,wk inc covid hosp
MI,2025-05-31,122,26,2025-06-10,wk inc covid hosp
MN,2024-11-09,117,27,2025-06-10,wk inc covid hosp
MN,2024-11-16,102,27,2025-06-10,wk inc covid hosp
MN,2024-11-23,142,27,2025-06-10,wk inc covid hosp
MN,2024-11-30,134,27,2025-06-10,wk inc covid hosp
MN,2024-12-07,192,27,2025-06-10,wk inc covid hosp
MN,2024-12-14,225,27,2025-06-10,wk inc covid hosp
MN,2024-12-21,259,27,2025-06-10,wk inc covid hosp
MN,2024-12-28,355,27,2025-06-10,wk inc covid hosp
MN,2025-01-04,508,27,2025-06-10,wk inc covid hosp
MN,2025-01-11,371,27,2025-06-10,wk inc covid hosp
MN,2025-01-18,326,27,2025-06-10,wk inc covid hosp
MN,2025-01-25,274,27,2025-06-10,wk inc covid hosp
MN,2025-02-01,217,27,2025-06-10,wk inc covid hosp
MN,2025-02-08,181,27,2025-06-10,wk inc covid hosp
MN,2025-02-15,149,27,2025-06-10,wk inc covid hosp
MN,2025-02-22,128,27,2025-06-10,wk inc covid hosp
MN,2025-03-01,116,27,2025-06-10,wk inc covid hosp
MN,2025-03-08,112,27,2025-06-10,wk inc covid hosp
MN,2025-03-15,113,27,2025-06-10,wk inc covid hosp
MN,2025-03-22,76,27,2025-06-10,wk inc covid hosp
MN,2025-03-29,79,27,2025-06-10,wk inc covid hosp
MN,2025-04-05,79,27,2025-06-10,wk inc covid hosp
MN,2025-04-12,99,27,2025-06-10,wk inc covid hosp
MN,2025-04-19,87,27,2025-06-10,wk inc covid hosp
MN,2025-04-26,66,27,2025-06-10,wk inc covid hosp
MN,2025-05-03,52,27,2025-06-10,wk inc covid hosp
MN,2025-05-10,64,27,2025-06-10,wk inc covid hosp
MN,2025-05-17,50,27,2025-06-10,wk inc covid hosp
MN,2025-05-24,41,27,2025-06-10,wk inc covid hosp
MN,2025-05-31,44,27,2025-06-10,wk inc covid hosp
MO,2024-11-09,153,29,2025-06-10,wk inc covid hosp
MO,2024-11-16,150,29,2025-06-10,wk inc covid hosp
MO,2024-11-23,175,29,2025-06-10,wk inc covid hosp
MO,2024-11-30,166,29,2025-06-10,wk inc covid hosp
MO,2024-12-07,193,29,2025-06-10,wk inc covid hosp
MO,2024-12-14,247,29,2025-06-10,wk inc covid hosp
MO,2024-12-21,259,29,2025-06-10,wk inc covid hosp
MO,2024-12-28,397,29,2025-06-10,wk inc covid hosp
MO,2025-01-04,483,29,2025-06-10,wk inc covid hosp
MO,2025-01-11,388,29,2025-06-10,wk inc covid hosp
MO,2025-01-18,286,29,2025-06-10,wk inc covid hosp
MO,2025-01-25,278,29,2025-06-10,wk inc covid hosp
MO,2025-02-01,278,29,2025-06-10,wk inc covid hosp
MO,2025-02-08,323,29,2025-06-10,wk inc covid hosp
MO,2025-02-15,306,29,2025-06-10,wk inc covid hosp
MO,2025-02-22,267,29,2025-06-10,wk inc covid hosp
MO,2025-03-01,190,29,2025-06-10,wk inc covid hosp
MO,2025-03-08,204,29,2025-06-10,wk inc covid hosp
MO,2025-03-15,188,29,2025-06-10,wk inc covid hosp
MO,2025-03-22,186,29,2025-06-10,wk inc covid hosp
MO,2025-03-29,133,29,2025-06-10,wk inc covid hosp
MO,2025-04-05,117,29,2025-06-10,wk inc covid hosp
MO,2025-04-12,89,29,2025-06-10,wk inc covid hosp
MO,2025-04-19,92,29,2025-06-10,wk inc covid hosp
MO,2025-04-26,67,29,2025-06-10,wk inc covid hosp
MO,2025-05-03,61,29,2025-06-10,wk inc covid hosp
MO,2025-05-10,53,29,2025-06-10,wk inc covid hosp
MO,2025-05-17,44,29,2025-06-10,wk inc covid hosp
MO,2025-05-24,43,29,2025-06-10,wk inc covid hosp
MO,2025-05-31,20,29,2025-06-10,wk inc covid hosp
MS,2024-11-09,38,28,2025-06-10,wk inc covid hosp
MS,2024-11-16,37,28,2025-06-10,wk inc covid hosp
MS,2024-11-23,50,28,2025-06-10,wk inc covid hosp
MS,2024-11-30,33,28,2025-06-10,wk inc covid hosp
MS,2024-12-07,54,28,2025-06-10,wk inc covid hosp
MS,2024-12-14,67,28,2025-06-10,wk inc covid hosp
MS,2024-12-21,49,28,2025-06-10,wk inc covid hosp
MS,2024-12-28,70,28,2025-06-10,wk inc covid hosp
MS,2025-01-04,133,28,2025-06-10,wk inc covid hosp
MS,2025-01-11,84,28,2025-06-10,wk inc covid hosp
MS,2025-01-18,104,28,2025-06-10,wk inc covid hosp
MS,2025-01-25,109,28,2025-06-10,wk inc covid hosp
MS,2025-02-01,117,28,2025-06-10,wk inc covid hosp
MS,2025-02-08,136,28,2025-06-10,wk inc covid hosp
MS,2025-02-15,74,28,2025-06-10,wk inc covid hosp
MS,2025-02-22,82,28,2025-06-10,wk inc covid hosp
MS,2025-03-01,81,28,2025-06-10,wk inc covid hosp
MS,2025-03-08,102,28,2025-06-10,wk inc covid hosp
MS,2025-03-15,136,28,2025-06-10,wk inc covid hosp
MS,2025-03-22,105,28,2025-06-10,wk inc covid hosp
MS,2025-03-29,74,28,2025-06-10,wk inc covid hosp
MS,2025-04-05,71,28,2025-06-10,wk inc covid hosp
MS,2025-04-12,46,28,2025-06-10,wk inc covid hosp
MS,2025-04-19,52,28,2025-06-10,wk inc covid hosp
MS,2025-04-26,34,28,2025-06-10,wk inc covid hosp
MS,2025-05-03,25,28,2025-06-10,wk inc covid hosp
MS,2025-05-10,31,28,2025-06-10,wk inc covid hosp
MS,2025-05-17,38,28,2025-06-10,wk inc covid hosp
MS,2025-05-24,28,28,2025-06-10,wk inc covid hosp
MS,2025-05-31,24,28,2025-06-10,wk inc covid hosp
MT,2024-11-09,16,30,2025-06-10,wk inc covid hosp
MT,2024-11-16,22,30,2025-06-10,wk inc covid hosp
MT,2024-11-23,26,30,2025-06-10,wk inc covid hosp
MT,2024-11-30,12,30,2025-06-10,wk inc covid hosp
MT,2024-12-07,37,30,2025-06-10,wk inc covid hosp
MT,2024-12-14,26,30,2025-06-10,wk inc covid hosp
MT,2024-12-21,19,30,2025-06-10,wk inc covid hosp
MT,2024-12-28,35,30,2025-06-10,wk inc covid hosp
MT,2025-01-04,37,30,2025-06-10,wk inc covid hosp
MT,2025-01-11,35,30,2025-06-10,wk inc covid hosp
MT,2025-01-18,35,30,2025-06-10,wk inc covid hosp
MT,2025-01-25,19,30,2025-06-10,wk inc covid hosp
MT,2025-02-01,8,30,2025-06-10,wk inc covid hosp
MT,2025-02-08,25,30,2025-06-10,wk inc covid hosp
MT,2025-02-15,18,30,2025-06-10,wk inc covid hosp
MT,2025-02-22,24,30,2025-06-10,wk inc covid hosp
MT,2025-03-01,18,30,2025-06-10,wk inc covid hosp
MT,2025-03-08,21,30,2025-06-10,wk inc covid hosp
MT,2025-03-15,28,30,2025-06-10,wk inc covid hosp
MT,2025-03-22,19,30,2025-06-10,wk inc covid hosp
MT,2025-03-29,12,30,2025-06-10,wk inc covid hosp
MT,2025-04-05,13,30,2025-06-10,wk inc covid hosp
MT,2025-04-12,14,30,2025-06-10,wk inc covid hosp
MT,2025-04-19,7,30,2025-06-10,wk inc covid hosp
MT,2025-04-26,7,30,2025-06-10,wk inc covid hosp
MT,2025-05-03,7,30,2025-06-10,wk inc covid hosp
MT,2025-05-10,8,30,2025-06-10,wk inc covid hosp
MT,2025-05-17,11,30,2025-06-10,wk inc covid hosp
MT,2025-05-24,1,30,2025-06-10,wk inc covid hosp
MT,2025-05-31,7,30,2025-06-10,wk inc covid hosp
NC,2024-11-09,201,37,2025-06-10,wk inc covid hosp
NC,2024-11-16,188,37,2025-06-10,wk inc covid hosp
NC,2024-11-23,162,37,2025-06-10,wk inc covid hosp
NC,2024-11-30,149,37,2025-06-10,wk inc covid hosp
NC,2024-12-07,181,37,2025-06-10,wk inc covid hosp
NC,2024-12-14,232,37,2025-06-10,wk inc covid hosp
NC,2024-12-21,257,37,2025-06-10,wk inc covid hosp
NC,2024-12-28,364,37,2025-06-10,wk inc covid hosp
NC,2025-01-04,492,37,2025-06-10,wk inc covid hosp
NC,2025-01-11,404,37,2025-06-10,wk inc covid hosp
NC,2025-01-18,425,37,2025-06-10,wk inc covid hosp
NC,2025-01-25,420,37,2025-06-10,wk inc covid hosp
NC,2025-02-01,410,37,2025-06-10,wk inc covid hosp
NC,2025-02-08,458,37,2025-06-10,wk inc covid hosp
NC,2025-02-15,381,37,2025-06-10,wk inc covid hosp
NC,2025-02-22,359,37,2025-06-10,wk inc covid hosp
NC,2025-03-01,372,37,2025-06-10,wk inc covid hosp
NC,2025-03-08,381,37,2025-06-10,wk inc covid hosp
NC,2025-03-15,385,37,2025-06-10,wk inc covid hosp
NC,2025-03-22,376,37,2025-06-10,wk inc covid hosp
NC,2025-03-29,291,37,2025-06-10,wk inc covid hosp
NC,2025-04-05,344,37,2025-06-10,wk inc covid hosp
NC,2025-04-12,214,37,2025-06-10,wk inc covid hosp
NC,2025-04-19,219,37,2025-06-10,wk inc covid hosp
NC,2025-04-26,179,37,2025-06-10,wk inc covid hosp
NC,2025-05-03,158,37,2025-06-10,wk inc covid hosp
NC,2025-05-10,125,37,2025-06-10,wk inc covid hosp
NC,2025-05-17,123,37,2025-06-10,wk inc covid hosp
NC,2025-05-24,108,37,2025-06-10,wk inc covid hosp
NC,2025-05-31,92,37,2025-06-10,wk inc covid hosp
ND,2024-11-09,15,38,2025-06-10,wk inc covid hosp
ND,2024-11-16,11,38,2025-06-10,wk inc covid hosp
ND,2024-11-23,19,38,2025-06-10,wk inc covid hosp
ND,2024-11-30,24,38,2025-06-10,wk inc covid hosp
ND,2024-12-07,17,38,2025-06-10,wk inc covid hosp
ND,2024-12-14,17,38,2025-06-10,wk inc covid hosp
ND,2024-12-21,25,38,2025-06-10,wk inc covid hosp
ND,2024-12-28,30,38,2025-06-10,wk inc covid hosp
ND,2025-01-04,38,38,2025-06-10,wk inc covid hosp
ND,2025-01-11,40,38,2025-06-10,wk inc covid hosp
ND,2025-01-18,26,38,2025-06-10,wk inc covid hosp
ND,2025-01-25,24,38,2025-06-10,wk inc covid hosp
ND,2025-02-01,22,38,2025-06-10,wk inc covid hosp
ND,2025-02-08,39,38,2025-06-10,wk inc covid hosp
ND,2025-02-15,32,38,2025-06-10,wk inc covid hosp
ND,2025-02-22,33,38,2025-06-10,wk inc covid hosp
ND,2025-03-01,27,38,2025-06-10,wk inc covid hosp
ND,2025-03-08,27,38,2025-06-10,wk inc covid hosp
ND,2025-03-15,31,38,2025-06-10,wk inc covid hosp
ND,2025-03-22,20,38,2025-06-10,wk inc covid hosp
ND,2025-03-29,13,38,2025-06-10,wk inc covid hosp
ND,2025-04-05,17,38,2025-06-10,wk inc covid hosp
ND,2025-04-12,5,38,2025-06-10,wk inc covid hosp
ND,2025-04-19,7,38,2025-06-10,wk inc covid hosp
ND,2025-04-26,12,38,2025-06-10,wk inc covid hosp
ND,2025-05-03,7,38,2025-06-10,wk inc covid hosp
ND,2025-05-10,9,38,2025-06-10,wk inc covid hosp
ND,2025-05-17,9,38,2025-06-10,wk inc covid hosp
ND,2025-05-24,6,38,2025-06-10,wk inc covid hosp
ND,2025-05-31,7,38,2025-06-10,wk inc covid hosp
NE,2024-11-09,32,31,2025-06-10,wk inc covid hosp
NE,2024-11-16,39,31,2025-06-10,wk inc covid hosp
NE,2024-11-23,36,31,2025-06-10,wk inc covid hosp
NE,2024-11-30,42,31,2025-06-10,wk inc covid hosp
NE,2024-12-07,78,31,2025-06-10,wk inc covid hosp
NE,2024-12-14,66,31,2025-06-10,wk inc covid hosp
NE,2024-12-21,69,31,2025-06-10,wk inc covid hosp
NE,2024-12-28,98,31,2025-06-10,wk inc covid hosp
NE,2025-01-04,109,31,2025-06-10,wk inc covid hosp
NE,2025-01-11,104,31,2025-06-10,wk inc covid hosp
NE,2025-01-18,78,31,2025-06-10,wk inc covid hosp
NE,2025-01-25,79,31,2025-06-10,wk inc covid hosp
NE,2025-02-01,75,31,2025-06-10,wk inc covid hosp
NE,2025-02-08,71,31,2025-06-10,wk inc covid hosp
NE,2025-02-15,77,31,2025-06-10,wk inc covid hosp
NE,2025-02-22,60,31,2025-06-10,wk inc covid hosp
NE,2025-03-01,42,31,2025-06-10,wk inc covid hosp
NE,2025-03-08,53,31,2025-06-10,wk inc covid hosp
NE,2025-03-15,38,31,2025-06-10,wk inc covid hosp
NE,2025-03-22,23,31,2025-06-10,wk inc covid hosp
NE,2025-03-29,36,31,2025-06-10,wk inc covid hosp
NE,2025-04-05,24,31,2025-06-10,wk inc covid hosp
NE,2025-04-12,27,31,2025-06-10,wk inc covid hosp
NE,2025-04-19,22,31,2025-06-10,wk inc covid hosp
NE,2025-04-26,23,31,2025-06-10,wk inc covid hosp
NE,2025-05-03,10,31,2025-06-10,wk inc covid hosp
NE,2025-05-10,19,31,2025-06-10,wk inc covid hosp
NE,2025-05-17,25,31,2025-06-10,wk inc covid hosp
NE,2025-05-24,11,31,2025-06-10,wk inc covid hosp
NE,2025-05-31,6,31,2025-06-10,wk inc covid hosp
NH,2024-11-09,35,33,2025-06-10,wk inc covid hosp
NH,2024-11-16,33,33,2025-06-10,wk inc covid hosp
NH,2024-11-23,20,33,2025-06-10,wk inc covid hosp
NH,2024-11-30,44,33,2025-06-10,wk inc covid hosp
NH,2024-12-07,67,33,2025-06-10,wk inc covid hosp
NH,2024-12-14,68,33,2025-06-10,wk inc covid hosp
NH,2024-12-21,56,33,2025-06-10,wk inc covid hosp
NH,2024-12-28,89,33,2025-06-10,wk inc covid hosp
NH,2025-01-04,143,33,2025-06-10,wk inc covid hosp
NH,2025-01-11,86,33,2025-06-10,wk inc covid hosp
NH,2025-01-18,76,33,2025-06-10,wk inc covid hosp
NH,2025-01-25,70,33,2025-06-10,wk inc covid hosp
NH,2025-02-01,75,33,2025-06-10,wk inc covid hosp
NH,2025-02-08,66,33,2025-06-10,wk inc covid hosp
NH,2025-02-15,43,33,2025-06-10,wk inc covid hosp
NH,2025-02-22,49,33,2025-06-10,wk inc covid hosp
NH,2025-03-01,41,33,2025-06-10,wk inc covid hosp
NH,2025-03-08,36,33,2025-06-10,wk inc covid hosp
NH,2025-03-15,26,33,2025-06-10,wk inc covid hosp
NH,2025-03-22,28,33,2025-06-10,wk inc covid hosp
NH,2025-03-29,22,33,2025-06-10,wk inc covid hosp
NH,2025-04-05,14,33,2025-06-10,wk inc covid hosp
NH,2025-04-12,21,33,2025-06-10,wk inc covid hosp
NH,2025-04-19,19,33,2025-06-10,wk inc covid hosp
NH,2025-04-26,15,33,2025-06-10,wk inc covid hosp
NH,2025-05-03,16,33,2025-06-10,wk inc covid hosp
NH,2025-05-10,8,33,2025-06-10,wk inc covid hosp
NH,2025-05-17,5,33,2025-06-10,wk inc covid hosp
NH,2025-05-24,8,33,2025-06-10,wk inc covid hosp
NH,2025-05-31,4,33,2025-06-10,wk inc covid hosp
NJ,2024-11-09,186,34,2025-06-10,wk inc covid hosp
NJ,2024-11-16,193,34,2025-06-10,wk inc covid hosp
NJ,2024-11-23,210,34,2025-06-10,wk inc covid hosp
NJ,2024-11-30,187,34,2025-06-10,wk inc covid hosp
NJ,2024-12-07,188,34,2025-06-10,wk inc covid hosp
NJ,2024-12-14,241,34,2025-06-10,wk inc covid hosp
NJ,2024-12-21,300,34,2025-06-10,wk inc covid hosp
NJ,2024-12-28,425,34,2025-06-10,wk inc covid hosp
NJ,2025-01-04,647,34,2025-06-10,wk inc covid hosp
NJ,2025-01-11,477,34,2025-06-10,wk inc covid hosp
NJ,2025-01-18,509,34,2025-06-10,wk inc covid hosp
NJ,2025-01-25,459,34,2025-06-10,wk inc covid hosp
NJ,2025-02-01,468,34,2025-06-10,wk inc covid hosp
NJ,2025-02-08,450,34,2025-06-10,wk inc covid hosp
NJ,2025-02-15,366,34,2025-06-10,wk inc covid hosp
NJ,2025-02-22,347,34,2025-06-10,wk inc covid hosp
NJ,2025-03-01,339,34,2025-06-10,wk inc covid hosp
NJ,2025-03-08,324,34,2025-06-10,wk inc covid hosp
NJ,2025-03-15,297,34,2025-06-10,wk inc covid hosp
NJ,2025-03-22,311,34,2025-06-10,wk inc covid hosp
NJ,2025-03-29,276,34,2025-06-10,wk inc covid hosp
NJ,2025-04-05,269,34,2025-06-10,wk inc covid hosp
NJ,2025-04-12,270,34,2025-06-10,wk inc covid hosp
NJ,2025-04-19,270,34,2025-06-10,wk inc covid hosp
NJ,2025-04-26,220,34,2025-06-10,wk inc covid hosp
NJ,2025-05-03,196,34,2025-06-10,wk inc covid hosp
NJ,2025-05-10,169,34,2025-06-10,wk inc covid hosp
NJ,2025-05-17,115,34,2025-06-10,wk inc covid hosp
NJ,2025-05-24,130,34,2025-06-10,wk inc covid hosp
NJ,2025-05-31,133,34,2025-06-10,wk inc covid hosp
NM,2024-11-09,91,35,2025-06-10,wk inc covid hosp
NM,2024-11-16,82,35,2025-06-10,wk inc covid hosp
NM,2024-11-23,119,35,2025-06-10,wk inc covid hosp
NM,2024-11-30,123,35,2025-06-10,wk inc covid hosp
NM,2024-12-07,127,35,2025-06-10,wk inc covid hosp
NM,2024-12-14,144,35,2025-06-10,wk inc covid hosp
NM,2024-12-21,134,35,2025-06-10,wk inc covid hosp
NM,2024-12-28,147,35,2025-06-10,wk inc covid hosp
NM,2025-01-04,165,35,2025-06-10,wk inc covid hosp
NM,2025-01-11,132,35,2025-06-10,wk inc covid hosp
NM,2025-01-18,106,35,2025-06-10,wk inc covid hosp
NM,2025-01-25,75,35,2025-06-10,wk inc covid hosp
NM,2025-02-01,57,35,2025-06-10,wk inc covid hosp
NM,2025-02-08,64,35,2025-06-10,wk inc covid hosp
NM,2025-02-15,38,35,2025-06-10,wk inc covid hosp
NM,2025-02-22,54,35,2025-06-10,wk inc covid hosp
NM,2025-03-01,36,35,2025-06-10,wk inc covid hosp
NM,2025-03-08,40,35,2025-06-10,wk inc covid hosp
NM,2025-03-15,19,35,2025-06-10,wk inc covid hosp
NM,2025-03-22,25,35,2025-06-10,wk inc covid hosp
NM,2025-03-29,39,35,2025-06-10,wk inc covid hosp
NM,2025-04-05,33,35,2025-06-10,wk inc covid hosp
NM,2025-04-12,29,35,2025-06-10,wk inc covid hosp
NM,2025-04-19,22,35,2025-06-10,wk inc covid hosp
NM,2025-04-26,27,35,2025-06-10,wk inc covid hosp
NM,2025-05-03,26,35,2025-06-10,wk inc covid hosp
NM,2025-05-10,13,35,2025-06-10,wk inc covid hosp
NM,2025-05-17,17,35,2025-06-10,wk inc covid hosp
NM,2025-05-24,17,35,2025-06-10,wk inc covid hosp
NM,2025-05-31,7,35,2025-06-10,wk inc covid hosp
NV,2024-11-09,53,32,2025-06-10,wk inc covid hosp
NV,2024-11-16,64,32,2025-06-10,wk inc covid hosp
NV,2024-11-23,33,32,2025-06-10,wk inc covid hosp
NV,2024-11-30,65,32,2025-06-10,wk inc covid hosp
NV,2024-12-07,49,32,2025-06-10,wk inc covid hosp
NV,2024-12-14,52,32,2025-06-10,wk inc covid hosp
NV,2024-12-21,72,32,2025-06-10,wk inc covid hosp
NV,2024-12-28,47,32,2025-06-10,wk inc covid hosp
NV,2025-01-04,66,32,2025-06-10,wk inc covid hosp
NV,2025-01-11,68,32,2025-06-10,wk inc covid hosp
NV,2025-01-18,55,32,2025-06-10,wk inc covid hosp
NV,2025-01-25,48,32,2025-06-10,wk inc covid hosp
NV,2025-02-01,44,32,2025-06-10,wk inc covid hosp
NV,2025-02-08,48,32,2025-06-10,wk inc covid hosp
NV,2025-02-15,34,32,2025-06-10,wk inc covid hosp
NV,2025-02-22,34,32,2025-06-10,wk inc covid hosp
NV,2025-03-01,43,32,2025-06-10,wk inc covid hosp
NV,2025-03-08,32,32,2025-06-10,wk inc covid hosp
NV,2025-03-15,34,32,2025-06-10,wk inc covid hosp
NV,2025-03-22,39,32,2025-06-10,wk inc covid hosp
NV,2025-03-29,35,32,2025-06-10,wk inc covid hosp
NV,2025-04-05,26,32,2025-06-10,wk inc covid hosp
NV,2025-04-12,27,32,2025-06-10,wk inc covid hosp
NV,2025-04-19,31,32,2025-06-10,wk inc covid hosp
NV,2025-04-26,39,32,2025-06-10,wk inc covid hosp
NV,2025-05-03,25,32,2025-06-10,wk inc covid hosp
NV,2025-05-10,46,32,2025-06-10,wk inc covid hosp
NV,2025-05-17,34,32,2025-06-10,wk inc covid hosp
NV,2025-05-24,28,32,2025-06-10,wk inc covid hosp
NV,2025-05-31,25,32,2025-06-10,wk inc covid hosp
NY,2024-11-09,423,36,2025-06-10,wk inc covid hosp
NY,2024-11-16,390,36,2025-06-10,wk inc covid hosp
NY,2024-11-23,404,36,2025-06-10,wk inc covid hosp
NY,2024-11-30,364,36,2025-06-10,wk inc covid hosp
NY,2024-12-07,456,36,2025-06-10,wk inc covid hosp
NY,2024-12-14,506,36,2025-06-10,wk inc covid hosp
NY,2024-12-21,629,36,2025-06-10,wk inc covid hosp
NY,2024-12-28,722,36,2025-06-10,wk inc covid hosp
NY,2025-01-04,1074,36,2025-06-10,wk inc covid hosp
NY,2025-01-11,932,36,2025-06-10,wk inc covid hosp
NY,2025-01-18,874,36,2025-06-10,wk inc covid hosp
NY,2025-01-25,805,36,2025-06-10,wk inc covid hosp
NY,2025-02-01,799,36,2025-06-10,wk inc covid hosp
NY,2025-02-08,813,36,2025-06-10,wk inc covid hosp
NY,2025-02-15,829,36,2025-06-10,wk inc covid hosp
NY,2025-02-22,708,36,2025-06-10,wk inc covid hosp
NY,2025-03-01,772,36,2025-06-10,wk inc covid hosp
NY,2025-03-08,746,36,2025-06-10,wk inc covid hosp
NY,2025-03-15,725,36,2025-06-10,wk inc covid hosp
NY,2025-03-22,782,36,2025-06-10,wk inc covid hosp
NY,2025-03-29,830,36,2025-06-10,wk inc covid hosp
NY,2025-04-05,727,36,2025-06-10,wk inc covid hosp
NY,2025-04-12,717,36,2025-06-10,wk inc covid hosp
NY,2025-04-19,707,36,2025-06-10,wk inc covid hosp
NY,2025-04-26,692,36,2025-06-10,wk inc covid hosp
NY,2025-05-03,589,36,2025-06-10,wk inc covid hosp
NY,2025-05-10,422,36,2025-06-10,wk inc covid hosp
NY,2025-05-17,390,36,2025-06-10,wk inc covid hosp
NY,2025-05-24,288,36,2025-06-10,wk inc covid hosp
NY,2025-05-31,254,36,2025-06-10,wk inc covid hosp
OH,2024-11-09,396,39,2025-06-10,wk inc covid hosp
OH,2024-11-16,335,39,2025-06-10,wk inc covid hosp
OH,2024-11-23,322,39,2025-06-10,wk inc covid hosp
OH,2024-11-30,332,39,2025-06-10,wk inc covid hosp
OH,2024-12-07,381,39,2025-06-10,wk inc covid hosp
OH,2024-12-14,527,39,2025-06-10,wk inc covid hosp
OH,2024-12-21,691,39,2025-06-10,wk inc covid hosp
OH,2024-12-28,859,39,2025-06-10,wk inc covid hosp
OH,2025-01-04,1340,39,2025-06-10,wk inc covid hosp
OH,2025-01-11,897,39,2025-06-10,wk inc covid hosp
OH,2025-01-18,847,39,2025-06-10,wk inc covid hosp
OH,2025-01-25,678,39,2025-06-10,wk inc covid hosp
OH,2025-02-01,676,39,2025-06-10,wk inc covid hosp
OH,2025-02-08,633,39,2025-06-10,wk inc covid hosp
OH,2025-02-15,599,39,2025-06-10,wk inc covid hosp
OH,2025-02-22,513,39,2025-06-10,wk inc covid hosp
OH,2025-03-01,492,39,2025-06-10,wk inc covid hosp
OH,2025-03-08,445,39,2025-06-10,wk inc covid hosp
OH,2025-03-15,394,39,2025-06-10,wk inc covid hosp
OH,2025-03-22,349,39,2025-06-10,wk inc covid hosp
OH,2025-03-29,285,39,2025-06-10,wk inc covid hosp
OH,2025-04-05,241,39,2025-06-10,wk inc covid hosp
OH,2025-04-12,220,39,2025-06-10,wk inc covid hosp
OH,2025-04-19,197,39,2025-06-10,wk inc covid hosp
OH,2025-04-26,167,39,2025-06-10,wk inc covid hosp
OH,2025-05-03,181,39,2025-06-10,wk inc covid hosp
OH,2025-05-10,127,39,2025-06-10,wk inc covid hosp
OH,2025-05-17,98,39,2025-06-10,wk inc covid hosp
OH,2025-05-24,82,39,2025-06-10,wk inc covid hosp
OH,2025-05-31,64,39,2025-06-10,wk inc covid hosp
OK,2024-11-09,64,40,2025-06-10,wk inc covid hosp
OK,2024-11-16,73,40,2025-06-10,wk inc covid hosp
OK,2024-11-23,71,40,2025-06-10,wk inc covid hosp
OK,2024-11-30,105,40,2025-06-10,wk inc covid hosp
OK,2024-12-07,145,40,2025-06-10,wk inc covid hosp
OK,2024-12-14,158,40,2025-06-10,wk inc covid hosp
OK,2024-12-21,169,40,2025-06-10,wk inc covid hosp
OK,2024-12-28,238,40,2025-06-10,wk inc covid hosp
OK,2025-01-04,270,40,2025-06-10,wk inc covid hosp
OK,2025-01-11,226,40,2025-06-10,wk inc covid hosp
OK,2025-01-18,205,40,2025-06-10,wk inc covid hosp
OK,2025-01-25,192,40,2025-06-10,wk inc covid hosp
OK,2025-02-01,194,40,2025-06-10,wk inc covid hosp
OK,2025-02-08,158,40,2025-06-10,wk inc covid hosp
OK,2025-02-15,160,40,2025-06-10,wk inc covid hosp
OK,2025-02-22,116,40,2025-06-10,wk inc covid hosp
OK,2025-03-01,117,40,2025-06-10,wk inc covid hosp
OK,2025-03-08,87,40,2025-06-10,wk inc covid hosp
OK,2025-03-15,113,40,2025-06-10,wk inc covid hosp
OK,2025-03-22,97,40,2025-06-10,wk inc covid hosp
OK,2025-03-29,107,40,2025-06-10,wk inc covid hosp
OK,2025-04-05,98,40,2025-06-10,wk inc covid hosp
OK,2025-04-12,91,40,2025-06-10,wk inc covid hosp
OK,2025-04-19,82,40,2025-06-10,wk inc covid hosp
OK,2025-04-26,84,40,2025-06-10,wk inc covid hosp
OK,2025-05-03,56,40,2025-06-10,wk inc covid hosp
OK,2025-05-10,52,40,2025-06-10,wk inc covid hosp
OK,2025-05-17,51,40,2025-06-10,wk inc covid hosp
OK,2025-05-24,50,40,2025-06-10,wk inc covid hosp
OK,2025-05-31,12,40,2025-06-10,wk inc covid hosp
OR,2024-11-09,78,41,2025-06-10,wk inc covid hosp
OR,2024-11-16,75,41,2025-06-10,wk inc covid hosp
OR,2024-11-23,59,41,2025-06-10,wk inc covid hosp
OR,2024-11-30,52,41,2025-06-10,wk inc covid hosp
OR,2024-12-07,59,41,2025-06-10,wk inc covid hosp
OR,2024-12-14,70,41,2025-06-10,wk inc covid hosp
OR,2024-12-21,72,41,2025-06-10,wk inc covid hosp
OR,2024-12-28,85,41,2025-06-10,wk inc covid hosp
OR,2025-01-04,122,41,2025-06-10,wk inc covid hosp
OR,2025-01-11,79,41,2025-06-10,wk inc covid hosp
OR,2025-01-18,81,41,2025-06-10,wk inc covid hosp
OR,2025-01-25,53,41,2025-06-10,wk inc covid hosp
OR,2025-02-01,65,41,2025-06-10,wk inc covid hosp
OR,2025-02-08,69,41,2025-06-10,wk inc covid hosp
OR,2025-02-15,67,41,2025-06-10,wk inc covid hosp
OR,2025-02-22,67,41,2025-06-10,wk inc covid hosp
OR,2025-03-01,55,41,2025-06-10,wk inc covid hosp
OR,2025-03-08,52,41,2025-06-10,wk inc covid hosp
OR,2025-03-15,46,41,2025-06-10,wk inc covid hosp
OR,2025-03-22,37,41,2025-06-10,wk inc covid hosp
OR,2025-03-29,41,41,2025-06-10,wk inc covid hosp
OR,2025-04-05,42,41,2025-06-10,wk inc covid hosp
OR,2025-04-12,46,41,2025-06-10,wk inc covid hosp
OR,2025-04-19,44,41,2025-06-10,wk inc covid hosp
OR,2025-04-26,41,41,2025-06-10,wk inc covid hosp
OR,2025-05-03,56,41,2025-06-10,wk inc covid hosp
OR,2025-05-10,32,41,2025-06-10,wk inc covid hosp
OR,2025-05-17,52,41,2025-06-10,wk inc covid hosp
OR,2025-05-24,46,41,2025-06-10,wk inc covid hosp
OR,2025-05-31,41,41,2025-06-10,wk inc covid hosp
PA,2024-11-09,907,42,2025-06-10,wk inc covid hosp
PA,2024-11-16,1021,42,2025-06-10,wk inc covid hosp
PA,2024-11-23,1032,42,2025-06-10,wk inc covid hosp
PA,2024-11-30,640,42,2025-06-10,wk inc covid hosp
PA,2024-12-07,642,42,2025-06-10,wk inc covid hosp
PA,2024-12-14,712,42,2025-06-10,wk inc covid hosp
PA,2024-12-21,773,42,2025-06-10,wk inc covid hosp
PA,2024-12-28,1143,42,2025-06-10,wk inc covid hosp
PA,2025-01-04,1325,42,2025-06-10,wk inc covid hosp
PA,2025-01-11,1439,42,2025-06-10,wk inc covid hosp
PA,2025-01-18,1661,42,2025-06-10,wk inc covid hosp
PA,2025-01-25,1458,42,2025-06-10,wk inc covid hosp
PA,2025-02-01,1507,42,2025-06-10,wk inc covid hosp
PA,2025-02-08,1319,42,2025-06-10,wk inc covid hosp
PA,2025-02-15,1099,42,2025-06-10,wk inc covid hosp
PA,2025-02-22,1019,42,2025-06-10,wk inc covid hosp
PA,2025-03-01,970,42,2025-06-10,wk inc covid hosp
PA,2025-03-08,817,42,2025-06-10,wk inc covid hosp
PA,2025-03-15,730,42,2025-06-10,wk inc covid hosp
PA,2025-03-22,619,42,2025-06-10,wk inc covid hosp
PA,2025-03-29,620,42,2025-06-10,wk inc covid hosp
PA,2025-04-05,426,42,2025-06-10,wk inc covid hosp
PA,2025-04-12,352,42,2025-06-10,wk inc covid hosp
PA,2025-04-19,330,42,2025-06-10,wk inc covid hosp
PA,2025-04-26,340,42,2025-06-10,wk inc covid hosp
PA,2025-05-03,258,42,2025-06-10,wk inc covid hosp
PA,2025-05-10,207,42,2025-06-10,wk inc covid hosp
PA,2025-05-17,136,42,2025-06-10,wk inc covid hosp
PA,2025-05-24,141,42,2025-06-10,wk inc covid hosp
PA,2025-05-31,124,42,2025-06-10,wk inc covid hosp
PR,2024-11-09,26,72,2025-06-10,wk inc covid hosp
PR,2024-11-16,44,72,2025-06-10,wk inc covid hosp
PR,2024-11-23,45,72,2025-06-10,wk inc covid hosp
PR,2024-11-30,78,72,2025-06-10,wk inc covid hosp
PR,2024-12-07,107,72,2025-06-10,wk inc covid hosp
PR,2024-12-14,86,72,2025-06-10,wk inc covid hosp
PR,2024-12-21,116,72,2025-06-10,wk inc covid hosp
PR,2024-12-28,107,72,2025-06-10,wk inc covid hosp
PR,2025-01-04,138,72,2025-06-10,wk inc covid hosp
PR,2025-01-11,133,72,2025-06-10,wk inc covid hosp
PR,2025-01-18,83,72,2025-06-10,wk inc covid hosp
PR,2025-01-25,75,72,2025-06-10,wk inc covid hosp
PR,2025-02-01,78,72,2025-06-10,wk inc covid hosp
PR,2025-02-08,75,72,2025-06-10,wk inc covid hosp
PR,2025-02-15,70,72,2025-06-10,wk inc covid hosp
PR,2025-02-22,45,72,2025-06-10,wk inc covid hosp
PR,2025-03-01,75,72,2025-06-10,wk inc covid hosp
PR,2025-03-08,112,72,2025-06-10,wk inc covid hosp
PR,2025-03-15,98,72,2025-06-10,wk inc covid hosp
PR,2025-03-22,58,72,2025-06-10,wk inc covid hosp
PR,2025-03-29,47,72,2025-06-10,wk inc covid hosp
PR,2025-04-05,68,72,2025-06-10,wk inc covid hosp
PR,2025-04-12,82,72,2025-06-10,wk inc covid hosp
PR,2025-04-19,71,72,2025-06-10,wk inc covid hosp
PR,2025-04-26,86,72,2025-06-10,wk inc covid hosp
PR,2025-05-03,66,72,2025-06-10,wk inc covid hosp
PR,2025-05-10,69,72,2025-06-10,wk inc covid hosp
PR,2025-05-17,67,72,2025-06-10,wk inc covid hosp
PR,2025-05-24,96,72,2025-06-10,wk inc covid hosp
PR,2025-05-31,128,72,2025-06-10,wk inc covid hosp
RI,2024-11-09,29,44,2025-06-10,wk inc covid hosp
RI,2024-11-16,21,44,2025-06-10,wk inc covid hosp
RI,2024-11-23,30,44,2025-06-10,wk inc covid hosp
RI,2024-11-30,21,44,2025-06-10,wk inc covid hosp
RI,2024-12-07,40,44,2025-06-10,wk inc covid hosp
RI,2024-12-14,50,44,2025-06-10,wk inc covid hosp
RI,2024-12-21,41,44,2025-06-10,wk inc covid hosp
RI,2024-12-28,63,44,2025-06-10,wk inc covid hosp
RI,2025-01-04,90,44,2025-06-10,wk inc covid hosp
RI,2025-01-11,87,44,2025-06-10,wk inc covid hosp
RI,2025-01-18,68,44,2025-06-10,wk inc covid hosp
RI,2025-01-25,60,44,2025-06-10,wk inc covid hosp
RI,2025-02-01,72,44,2025-06-10,wk inc covid hosp
RI,2025-02-08,57,44,2025-06-10,wk inc covid hosp
RI,2025-02-15,53,44,2025-06-10,wk inc covid hosp
RI,2025-02-22,36,44,2025-06-10,wk inc covid hosp
RI,2025-03-01,26,44,2025-06-10,wk inc covid hosp
RI,2025-03-08,29,44,2025-06-10,wk inc covid hosp
RI,2025-03-15,31,44,2025-06-10,wk inc covid hosp
RI,2025-03-22,39,44,2025-06-10,wk inc covid hosp
RI,2025-03-29,32,44,2025-06-10,wk inc covid hosp
RI,2025-04-05,23,44,2025-06-10,wk inc covid hosp
RI,2025-04-12,22,44,2025-06-10,wk inc covid hosp
RI,2025-04-19,24,44,2025-06-10,wk inc covid hosp
RI,2025-04-26,31,44,2025-06-10,wk inc covid hosp
RI,2025-05-03,14,44,2025-06-10,wk inc covid hosp
RI,2025-05-10,17,44,2025-06-10,wk inc covid hosp
RI,2025-05-17,16,44,2025-06-10,wk inc covid hosp
RI,2025-05-24,4,44,2025-06-10,wk inc covid hosp
RI,2025-05-31,12,44,2025-06-10,wk inc covid hosp
SC,2024-11-09,77,45,2025-06-10,wk inc covid hosp
SC,2024-11-16,69,45,2025-06-10,wk inc covid hosp
SC,2024-11-23,72,45,2025-06-10,wk inc covid hosp
SC,2024-11-30,67,45,2025-06-10,wk inc covid hosp
SC,2024-12-07,75,45,2025-06-10,wk inc covid hosp
SC,2024-12-14,85,45,2025-06-10,wk inc covid hosp
SC,2024-12-21,132,45,2025-06-10,wk inc covid hosp
SC,2024-12-28,168,45,2025-06-10,wk inc covid hosp
SC,2025-01-04,232,45,2025-06-10,wk inc covid hosp
SC,2025-01-11,177,45,2025-06-10,wk inc covid hosp
SC,2025-01-18,178,45,2025-06-10,wk inc covid hosp
SC,2025-01-25,156,45,2025-06-10,wk inc covid hosp
SC,2025-02-01,200,45,2025-06-10,wk inc covid hosp
SC,2025-02-08,214,45,2025-06-10,wk inc covid hosp
SC,2025-02-15,147,45,2025-06-10,wk inc covid hosp
SC,2025-02-22,134,45,2025-06-10,wk inc covid hosp
SC,2025-03-01,178,45,2025-06-10,wk inc covid hosp
SC,2025-03-08,206,45,2025-06-10,wk inc covid hosp
SC,2025-03-15,161,45,2025-06-10,wk inc covid hosp
SC,2025-03-22,156,45,2025-06-10,wk inc covid hosp
SC,2025-03-29,135,45,2025-06-10,wk inc covid hosp
SC,2025-04-05,149,45,2025-06-10,wk inc covid hosp
SC,2025-04-12,100,45,2025-06-10,wk inc covid hosp
SC,2025-04-19,110,45,2025-06-10,wk inc covid hosp
SC,2025-04-26,90,45,2025-06-10,wk inc covid hosp
SC,2025-05-03,81,45,2025-06-10,wk inc covid hosp
SC,2025-05-10,51,45,2025-06-10,wk inc covid hosp
SC,2025-05-17,54,45,2025-06-10,wk inc covid hosp
SC,2025-05-24,42,45,2025-06-10,wk inc covid hosp
SC,2025-05-31,40,45,2025-06-10,wk inc covid hosp
SD,2024-11-09,30,46,2025-06-10,wk inc covid hosp
SD,2024-11-16,37,46,2025-06-10,wk inc covid hosp
SD,2024-11-23,31,46,2025-06-10,wk inc covid hosp
SD,2024-11-30,21,46,2025-06-10,wk inc covid hosp
SD,2024-12-07,24,46,2025-06-10,wk inc covid hosp
SD,2024-12-14,47,46,2025-06-10,wk inc covid hosp
SD,2024-12-21,26,46,2025-06-10,wk inc covid hosp
SD,2024-12-28,46,46,2025-06-10,wk inc covid hosp
SD,2025-01-04,55,46,2025-06-10,wk inc covid hosp
SD,2025-01-11,47,46,2025-06-10,wk inc covid hosp
SD,2025-01-18,39,46,2025-06-10,wk inc covid hosp
SD,2025-01-25,38,46,2025-06-10,wk inc covid hosp
SD,2025-02-01,56,46,2025-06-10,wk inc covid hosp
SD,2025-02-08,61,46,2025-06-10,wk inc covid hosp
SD,2025-02-15,46,46,2025-06-10,wk inc covid hosp
SD,2025-02-22,42,46,2025-06-10,wk inc covid hosp
SD,2025-03-01,20,46,2025-06-10,wk inc covid hosp
SD,2025-03-08,25,46,2025-06-10,wk inc covid hosp
SD,2025-03-15,10,46,2025-06-10,wk inc covid hosp
SD,2025-03-22,25,46,2025-06-10,wk inc covid hosp
SD,2025-03-29,17,46,2025-06-10,wk inc covid hosp
SD,2025-04-05,13,46,2025-06-10,wk inc covid hosp
SD,2025-04-12,17,46,2025-06-10,wk inc covid hosp
SD,2025-04-19,14,46,2025-06-10,wk inc covid hosp
SD,2025-04-26,9,46,2025-06-10,wk inc covid hosp
SD,2025-05-03,10,46,2025-06-10,wk inc covid hosp
SD,2025-05-10,6,46,2025-06-10,wk inc covid hosp
SD,2025-05-17,3,46,2025-06-10,wk inc covid hosp
SD,2025-05-24,6,46,2025-06-10,wk inc covid hosp
SD,2025-05-31,2,46,2025-06-10,wk inc covid hosp
TN,2024-11-09,122,47,2025-06-10,wk inc covid hosp
TN,2024-11-16,161,47,2025-06-10,wk inc covid hosp
TN,2024-11-23,99,47,2025-06-10,wk inc covid hosp
TN,2024-11-30,143,47,2025-06-10,wk inc covid hosp
TN,2024-12-07,143,47,2025-06-10,wk inc covid hosp
TN,2024-12-14,196,47,2025-06-10,wk inc covid hosp
TN,2024-12-21,176,47,2025-06-10,wk inc covid hosp
TN,2024-12-28,229,47,2025-06-10,wk inc covid hosp
TN,2025-01-04,352,47,2025-06-10,wk inc covid hosp
TN,2025-01-11,247,47,2025-06-10,wk inc covid hosp
TN,2025-01-18,258,47,2025-06-10,wk inc covid hosp
TN,2025-01-25,210,47,2025-06-10,wk inc covid hosp
TN,2025-02-01,244,47,2025-06-10,wk inc covid hosp
TN,2025-02-08,260,47,2025-06-10,wk inc covid hosp
TN,2025-02-15,275,47,2025-06-10,wk inc covid hosp
TN,2025-02-22,237,47,2025-06-10,wk inc covid hosp
TN,2025-03-01,259,47,2025-06-10,wk inc covid hosp
TN,2025-03-08,272,47,2025-06-10,wk inc covid hosp
TN,2025-03-15,265,47,2025-06-10,wk inc covid hosp
TN,2025-03-22,223,47,2025-06-10,wk inc covid hosp
TN,2025-03-29,182,47,2025-06-10,wk inc covid hosp
TN,2025-04-05,168,47,2025-06-10,wk inc covid hosp
TN,2025-04-12,121,47,2025-06-10,wk inc covid hosp
TN,2025-04-19,109,47,2025-06-10,wk inc covid hosp
TN,2025-04-26,98,47,2025-06-10,wk inc covid hosp
TN,2025-05-03,60,47,2025-06-10,wk inc covid hosp
TN,2025-05-10,66,47,2025-06-10,wk inc covid hosp
TN,2025-05-17,56,47,2025-06-10,wk inc covid hosp
TN,2025-05-24,35,47,2025-06-10,wk inc covid hosp
TN,2025-05-31,45,47,2025-06-10,wk inc covid hosp
TX,2024-11-09,327,48,2025-06-10,wk inc covid hosp
TX,2024-11-16,229,48,2025-06-10,wk inc covid hosp
TX,2024-11-23,259,48,2025-06-10,wk inc covid hosp
TX,2024-11-30,284,48,2025-06-10,wk inc covid hosp
TX,2024-12-07,397,48,2025-06-10,wk inc covid hosp
TX,2024-12-14,369,48,2025-06-10,wk inc covid hosp
TX,2024-12-21,462,48,2025-06-10,wk inc covid hosp
TX,2024-12-28,582,48,2025-06-10,wk inc covid hosp
TX,2025-01-04,710,48,2025-06-10,wk inc covid hosp
TX,2025-01-11,579,48,2025-06-10,wk inc covid hosp
TX,2025-01-18,595,48,2025-06-10,wk inc covid hosp
TX,2025-01-25,669,48,2025-06-10,wk inc covid hosp
TX,2025-02-01,776,48,2025-06-10,wk inc covid hosp
TX,2025-02-08,836,48,2025-06-10,wk inc covid hosp
TX,2025-02-15,656,48,2025-06-10,wk inc covid hosp
TX,2025-02-22,619,48,2025-06-10,wk inc covid hosp
TX,2025-03-01,671,48,2025-06-10,wk inc covid hosp
TX,2025-03-08,667,48,2025-06-10,wk inc covid hosp
TX,2025-03-15,618,48,2025-06-10,wk inc covid hosp
TX,2025-03-22,591,48,2025-06-10,wk inc covid hosp
TX,2025-03-29,534,48,2025-06-10,wk inc covid hosp
TX,2025-04-05,451,48,2025-06-10,wk inc covid hosp
TX,2025-04-12,431,48,2025-06-10,wk inc covid hosp
TX,2025-04-19,402,48,2025-06-10,wk inc covid hosp
TX,2025-04-26,368,48,2025-06-10,wk inc covid hosp
TX,2025-05-03,318,48,2025-06-10,wk inc covid hosp
TX,2025-05-10,299,48,2025-06-10,wk inc covid hosp
TX,2025-05-17,267,48,2025-06-10,wk inc covid hosp
TX,2025-05-24,272,48,2025-06-10,wk inc covid hosp
TX,2025-05-31,269,48,2025-06-10,wk inc covid hosp
US,2024-11-09,7841,US,2025-06-10,wk inc covid hosp
US,2024-11-16,7716,US,2025-06-10,wk inc covid hosp
US,2024-11-23,7853,US,2025-06-10,wk inc covid hosp
US,2024-11-30,7713,US,2025-06-10,wk inc covid hosp
US,2024-12-07,8916,US,2025-06-10,wk inc covid hosp
US,2024-12-14,9917,US,2025-06-10,wk inc covid hosp
US,2024-12-21,10984,US,2025-06-10,wk inc covid hosp
US,2024-12-28,14221,US,2025-06-10,wk inc covid hosp
US,2025-01-04,18542,US,2025-06-10,wk inc covid hosp
US,2025-01-11,15279,US,2025-06-10,wk inc covid hosp
US,2025-01-18,14012,US,2025-06-10,wk inc covid hosp
US,2025-01-25,12721,US,2025-06-10,wk inc covid hosp
US,2025-02-01,13171,US,2025-06-10,wk inc covid hosp
US,2025-02-08,12911,US,2025-06-10,wk inc covid hosp
US,2025-02-15,11535,US,2025-06-10,wk inc covid hosp
US,2025-02-22,10330,US,2025-06-10,wk inc covid hosp
US,2025-03-01,10102,US,2025-06-10,wk inc covid hosp
US,2025-03-08,9493,US,2025-06-10,wk inc covid hosp
US,2025-03-15,8928,US,2025-06-10,wk inc covid hosp
US,2025-03-22,8348,US,2025-06-10,wk inc covid hosp
US,2025-03-29,7755,US,2025-06-10,wk inc covid hosp
US,2025-04-05,6770,US,2025-06-10,wk inc covid hosp
US,2025-04-12,5986,US,2025-06-10,wk inc covid hosp
US,2025-04-19,5740,US,2025-06-10,wk inc covid hosp
US,2025-04-26,5397,US,2025-06-10,wk inc covid hosp
US,2025-05-03,4595,US,2025-06-10,wk inc covid hosp
US,2025-05-10,4039,US,2025-06-10,wk inc covid hosp
US,2025-05-17,3774,US,2025-06-10,wk inc covid hosp
US,2025-05-24,3545,US,2025-06-10,wk inc covid hosp
US,2025-05-31,3413,US,2025-06-10,wk inc covid hosp
UT,2024-11-09,43,49,2025-06-10,wk inc covid hosp
UT,2024-11-16,47,49,2025-06-10,wk inc covid hosp
UT,2024-11-23,64,49,2025-06-10,wk inc covid hosp
UT,2024-11-30,59,49,2025-06-10,wk inc covid hosp
UT,2024-12-07,62,49,2025-06-10,wk inc covid hosp
UT,2024-12-14,55,49,2025-06-10,wk inc covid hosp
UT,2024-12-21,65,49,2025-06-10,wk inc covid hosp
UT,2024-12-28,97,49,2025-06-10,wk inc covid hosp
UT,2025-01-04,96,49,2025-06-10,wk inc covid hosp
UT,2025-01-11,71,49,2025-06-10,wk inc covid hosp
UT,2025-01-18,52,49,2025-06-10,wk inc covid hosp
UT,2025-01-25,49,49,2025-06-10,wk inc covid hosp
UT,2025-02-01,48,49,2025-06-10,wk inc covid hosp
UT,2025-02-08,45,49,2025-06-10,wk inc covid hosp
UT,2025-02-15,39,49,2025-06-10,wk inc covid hosp
UT,2025-02-22,60,49,2025-06-10,wk inc covid hosp
UT,2025-03-01,47,49,2025-06-10,wk inc covid hosp
UT,2025-03-08,58,49,2025-06-10,wk inc covid hosp
UT,2025-03-15,41,49,2025-06-10,wk inc covid hosp
UT,2025-03-22,31,49,2025-06-10,wk inc covid hosp
UT,2025-03-29,46,49,2025-06-10,wk inc covid hosp
UT,2025-04-05,20,49,2025-06-10,wk inc covid hosp
UT,2025-04-12,37,49,2025-06-10,wk inc covid hosp
UT,2025-04-19,20,49,2025-06-10,wk inc covid hosp
UT,2025-04-26,26,49,2025-06-10,wk inc covid hosp
UT,2025-05-03,25,49,2025-06-10,wk inc covid hosp
UT,2025-05-10,20,49,2025-06-10,wk inc covid hosp
UT,2025-05-17,22,49,2025-06-10,wk inc covid hosp
UT,2025-05-24,16,49,2025-06-10,wk inc covid hosp
UT,2025-05-31,22,49,2025-06-10,wk inc covid hosp
VA,2024-11-09,126,51,2025-06-10,wk inc covid hosp
VA,2024-11-16,104,51,2025-06-10,wk inc covid hosp
VA,2024-11-23,120,51,2025-06-10,wk inc covid hosp
VA,2024-11-30,107,51,2025-06-10,wk inc covid hosp
VA,2024-12-07,134,51,2025-06-10,wk inc covid hosp
VA,2024-12-14,185,51,2025-06-10,wk inc covid hosp
VA,2024-12-21,198,51,2025-06-10,wk inc covid hosp
VA,2024-12-28,297,51,2025-06-10,wk inc covid hosp
VA,2025-01-04,445,51,2025-06-10,wk inc covid hosp
VA,2025-01-11,300,51,2025-06-10,wk inc covid hosp
VA,2025-01-18,280,51,2025-06-10,wk inc covid hosp
VA,2025-01-25,239,51,2025-06-10,wk inc covid hosp
VA,2025-02-01,317,51,2025-06-10,wk inc covid hosp
VA,2025-02-08,316,51,2025-06-10,wk inc covid hosp
VA,2025-02-15,264,51,2025-06-10,wk inc covid hosp
VA,2025-02-22,227,51,2025-06-10,wk inc covid hosp
VA,2025-03-01,269,51,2025-06-10,wk inc covid hosp
VA,2025-03-08,246,51,2025-06-10,wk inc covid hosp
VA,2025-03-15,217,51,2025-06-10,wk inc covid hosp
VA,2025-03-22,188,51,2025-06-10,wk inc covid hosp
VA,2025-03-29,181,51,2025-06-10,wk inc covid hosp
VA,2025-04-05,165,51,2025-06-10,wk inc covid hosp
VA,2025-04-12,136,51,2025-06-10,wk inc covid hosp
VA,2025-04-19,118,51,2025-06-10,wk inc covid hosp
VA,2025-04-26,105,51,2025-06-10,wk inc covid hosp
VA,2025-05-03,77,51,2025-06-10,wk inc covid hosp
VA,2025-05-10,62,51,2025-06-10,wk inc covid hosp
VA,2025-05-17,56,51,2025-06-10,wk inc covid hosp
VA,2025-05-24,37,51,2025-06-10,wk inc covid hosp
VA,2025-05-31,46,51,2025-06-10,wk inc covid hosp
VT,2024-11-09,23,50,2025-06-10,wk inc covid hosp
VT,2024-11-16,11,50,2025-06-10,wk inc covid hosp
VT,2024-11-23,21,50,2025-06-10,wk inc covid hosp
VT,2024-11-30,12,50,2025-06-10,wk inc covid hosp
VT,2024-12-07,20,50,2025-06-10,wk inc covid hosp
VT,2024-12-14,16,50,2025-06-10,wk inc covid hosp
VT,2024-12-21,10,50,2025-06-10,wk inc covid hosp
VT,2024-12-28,33,50,2025-06-10,wk inc covid hosp
VT,2025-01-04,34,50,2025-06-10,wk inc covid hosp
VT,2025-01-11,35,50,2025-06-10,wk inc covid hosp
VT,2025-01-18,33,50,2025-06-10,wk inc covid hosp
VT,2025-01-25,33,50,2025-06-10,wk inc covid hosp
VT,2025-02-01,30,50,2025-06-10,wk inc covid hosp
VT,2025-02-08,30,50,2025-06-10,wk inc covid hosp
VT,2025-02-15,22,50,2025-06-10,wk inc covid hosp
VT,2025-02-22,15,50,2025-06-10,wk inc covid hosp
VT,2025-03-01,11,50,2025-06-10,wk inc covid hosp
VT,2025-03-08,17,50,2025-06-10,wk inc covid hosp
VT,2025-03-15,10,50,2025-06-10,wk inc covid hosp
VT,2025-03-22,14,50,2025-06-10,wk inc covid hosp
VT,2025-03-29,3,50,2025-06-10,wk inc covid hosp
VT,2025-04-05,6,50,2025-06-10,wk inc covid hosp
VT,2025-04-12,11,50,2025-06-10,wk inc covid hosp
VT,2025-04-19,10,50,2025-06-10,wk inc covid hosp
VT,2025-04-26,6,50,2025-06-10,wk inc covid hosp
VT,2025-05-03,8,50,2025-06-10,wk inc covid hosp
VT,2025-05-10,4,50,2025-06-10,wk inc covid hosp
VT,2025-05-17,7,50,2025-06-10,wk inc covid hosp
VT,2025-05-24,11,50,2025-06-10,wk inc covid hosp
VT,2025-05-31,1,50,2025-06-10,wk inc covid hosp
WA,2024-11-09,69,53,2025-06-10,wk inc covid hosp
WA,2024-11-16,60,53,2025-06-10,wk inc covid hosp
WA,2024-11-23,59,53,2025-06-10,wk inc covid hosp
WA,2024-11-30,60,53,2025-06-10,wk inc covid hosp
WA,2024-12-07,45,53,2025-06-10,wk inc covid hosp
WA,2024-12-14,60,53,2025-06-10,wk inc covid hosp
WA,2024-12-21,73,53,2025-06-10,wk inc covid hosp
WA,2024-12-28,91,53,2025-06-10,wk inc covid hosp
WA,2025-01-04,118,53,2025-06-10,wk inc covid hosp
WA,2025-01-11,92,53,2025-06-10,wk inc covid hosp
WA,2025-01-18,64,53,2025-06-10,wk inc covid hosp
WA,2025-01-25,81,53,2025-06-10,wk inc covid hosp
WA,2025-02-01,102,53,2025-06-10,wk inc covid hosp
WA,2025-02-08,127,53,2025-06-10,wk inc covid hosp
WA,2025-02-15,115,53,2025-06-10,wk inc covid hosp
WA,2025-02-22,151,53,2025-06-10,wk inc covid hosp
WA,2025-03-01,92,53,2025-06-10,wk inc covid hosp
WA,2025-03-08,59,53,2025-06-10,wk inc covid hosp
WA,2025-03-15,68,53,2025-06-10,wk inc covid hosp
WA,2025-03-22,66,53,2025-06-10,wk inc covid hosp
WA,2025-03-29,72,53,2025-06-10,wk inc covid hosp
WA,2025-04-05,47,53,2025-06-10,wk inc covid hosp
WA,2025-04-12,55,53,2025-06-10,wk inc covid hosp
WA,2025-04-19,57,53,2025-06-10,wk inc covid hosp
WA,2025-04-26,71,53,2025-06-10,wk inc covid hosp
WA,2025-05-03,53,53,2025-06-10,wk inc covid hosp
WA,2025-05-10,66,53,2025-06-10,wk inc covid hosp
WA,2025-05-17,65,53,2025-06-10,wk inc covid hosp
WA,2025-05-24,60,53,2025-06-10,wk inc covid hosp
WA,2025-05-31,61,53,2025-06-10,wk inc covid hosp
WI,2024-11-09,158,55,2025-06-10,wk inc covid hosp
WI,2024-11-16,149,55,2025-06-10,wk inc covid hosp
WI,2024-11-23,152,55,2025-06-10,wk inc covid hosp
WI,2024-11-30,136,55,2025-06-10,wk inc covid hosp
WI,2024-12-07,192,55,2025-06-10,wk inc covid hosp
WI,2024-12-14,231,55,2025-06-10,wk inc covid hosp
WI,2024-12-21,295,55,2025-06-10,wk inc covid hosp
WI,2024-12-28,406,55,2025-06-10,wk inc covid hosp
WI,2025-01-04,522,55,2025-06-10,wk inc covid hosp
WI,2025-01-11,403,55,2025-06-10,wk inc covid hosp
WI,2025-01-18,414,55,2025-06-10,wk inc covid hosp
WI,2025-01-25,361,55,2025-06-10,wk inc covid hosp
WI,2025-02-01,309,55,2025-06-10,wk inc covid hosp
WI,2025-02-08,338,55,2025-06-10,wk inc covid hosp
WI,2025-02-15,262,55,2025-06-10,wk inc covid hosp
WI,2025-02-22,225,55,2025-06-10,wk inc covid hosp
WI,2025-03-01,192,55,2025-06-10,wk inc covid hosp
WI,2025-03-08,165,55,2025-06-10,wk inc covid hosp
WI,2025-03-15,146,55,2025-06-10,wk inc covid hosp
WI,2025-03-22,140,55,2025-06-10,wk inc covid hosp
WI,2025-03-29,112,55,2025-06-10,wk inc covid hosp
WI,2025-04-05,113,55,2025-06-10,wk inc covid hosp
WI,2025-04-12,91,55,2025-06-10,wk inc covid hosp
WI,2025-04-19,92,55,2025-06-10,wk inc covid hosp
WI,2025-04-26,83,55,2025-06-10,wk inc covid hosp
WI,2025-05-03,64,55,2025-06-10,wk inc covid hosp
WI,2025-05-10,61,55,2025-06-10,wk inc covid hosp
WI,2025-05-17,50,55,2025-06-10,wk inc covid hosp
WI,2025-05-24,34,55,2025-06-10,wk inc covid hosp
WI,2025-05-31,36,55,2025-06-10,wk inc covid hosp
WV,2024-11-09,62,54,2025-06-10,wk inc covid hosp
WV,2024-11-16,64,54,2025-06-10,wk inc covid hosp
WV,2024-11-23,146,54,2025-06-10,wk inc covid hosp
WV,2024-11-30,147,54,2025-06-10,wk inc covid hosp
WV,2024-12-07,92,54,2025-06-10,wk inc covid hosp
WV,2024-12-14,156,54,2025-06-10,wk inc covid hosp
WV,2024-12-21,102,54,2025-06-10,wk inc covid hosp
WV,2024-12-28,143,54,2025-06-10,wk inc covid hosp
WV,2025-01-04,181,54,2025-06-10,wk inc covid hosp
WV,2025-01-11,141,54,2025-06-10,wk inc covid hosp
WV,2025-01-18,143,54,2025-06-10,wk inc covid hosp
WV,2025-01-25,111,54,2025-06-10,wk inc covid hosp
WV,2025-02-01,91,54,2025-06-10,wk inc covid hosp
WV,2025-02-08,114,54,2025-06-10,wk inc covid hosp
WV,2025-02-15,124,54,2025-06-10,wk inc covid hosp
WV,2025-02-22,109,54,2025-06-10,wk inc covid hosp
WV,2025-03-01,104,54,2025-06-10,wk inc covid hosp
WV,2025-03-08,91,54,2025-06-10,wk inc covid hosp
WV,2025-03-15,61,54,2025-06-10,wk inc covid hosp
WV,2025-03-22,63,54,2025-06-10,wk inc covid hosp
WV,2025-03-29,59,54,2025-06-10,wk inc covid hosp
WV,2025-04-05,49,54,2025-06-10,wk inc covid hosp
WV,2025-04-12,32,54,2025-06-10,wk inc covid hosp
WV,2025-04-19,27,54,2025-06-10,wk inc covid hosp
WV,2025-04-26,40,54,2025-06-10,wk inc covid hosp
WV,2025-05-03,19,54,2025-06-10,wk inc covid hosp
WV,2025-05-10,19,54,2025-06-10,wk inc covid hosp
WV,2025-05-17,11,54,2025-06-10,wk inc covid hosp
WV,2025-05-24,17,54,2025-06-10,wk inc covid hosp
WV,2025-05-31,11,54,2025-06-10,wk inc covid hosp
WY,2024-11-09,61,56,2025-06-10,wk inc covid hosp
WY,2024-11-16,47,56,2025-06-10,wk inc covid hosp
WY,2024-11-23,28,56,2025-06-10,wk inc covid hosp
WY,2024-11-30,45,56,2025-06-10,wk inc covid hosp
WY,2024-12-07,40,56,2025-06-10,wk inc covid hosp
WY,2024-12-14,53,56,2025-06-10,wk inc covid hosp
WY,2024-12-21,33,56,2025-06-10,wk inc covid hosp
WY,2024-12-28,92,56,2025-06-10,wk inc covid hosp
WY,2025-01-04,45,56,2025-06-10,wk inc covid hosp
WY,2025-01-11,45,56,2025-06-10,wk inc covid hosp
WY,2025-01-18,47,56,2025-06-10,wk inc covid hosp
WY,2025-01-25,29,56,2025-06-10,wk inc covid hosp
WY,2025-02-01,54,56,2025-06-10,wk inc covid hosp
WY,2025-02-08,23,56,2025-06-10,wk inc covid hosp
WY,2025-02-15,18,56,2025-06-10,wk inc covid hosp
WY,2025-02-22,20,56,2025-06-10,wk inc covid hosp
WY,2025-03-01,5,56,2025-06-10,wk inc covid hosp
WY,2025-03-08,13,56,2025-06-10,wk inc covid hosp
WY,2025-03-15,20,56,2025-06-10,wk inc covid hosp
WY,2025-03-22,20,56,2025-06-10,wk inc covid hosp
WY,2025-03-29,17,56,2025-06-10,wk inc covid hosp
WY,2025-04-05,9,56,2025-06-10,wk inc covid hosp
WY,2025-04-12,10,56,2025-06-10,wk inc covid hosp
WY,2025-04-19,5,56,2025-06-10,wk inc covid hosp
WY,2025-04-26,13,56,2025-06-10,wk inc covid hosp
WY,2025-05-03,6,56,2025-06-10,wk inc covid hosp
WY,2025-05-10,5,56,2025-06-10,wk inc covid hosp
WY,2025-05-17,8,56,2025-06-10,wk inc covid hosp
WY,2025-05-24,6,56,2025-06-10,wk inc covid hosp
WY,2025-05-31,4,56,2025-06-10,wk inc covid hosp
