reference_date,target,horizon,target_end_date,location,output_type,output_type_id,value
2025/1/18,wk inc covid hosp,0,2025/1/18,10,quantile,0.01,0
2025/1/18,wk inc covid hosp,0,2025/1/18,10,quantile,0.025,0
2025/1/18,wk inc covid hosp,0,2025/1/18,10,quantile,0.05,0
2025/1/18,wk inc covid hosp,0,2025/1/18,10,quantile,0.1,2
2025/1/18,wk inc covid hosp,0,2025/1/18,10,quantile,0.15,8
2025/1/18,wk inc covid hosp,0,2025/1/18,10,quantile,0.2,12
2025/1/18,wk inc covid hosp,0,2025/1/18,10,quantile,0.25,16
2025/1/18,wk inc covid hosp,0,2025/1/18,10,quantile,0.3,20
2025/1/18,wk inc covid hosp,0,2025/1/18,10,quantile,0.35,22
2025/1/18,wk inc covid hosp,0,2025/1/18,10,quantile,0.4,26
2025/1/18,wk inc covid hosp,0,2025/1/18,10,quantile,0.45,30
2025/1/18,wk inc covid hosp,0,2025/1/18,10,quantile,0.5,34
2025/1/18,wk inc covid hosp,0,2025/1/18,10,quantile,0.55,38
2025/1/18,wk inc covid hosp,0,2025/1/18,10,quantile,0.6,42
2025/1/18,wk inc covid hosp,0,2025/1/18,10,quantile,0.65,46
2025/1/18,wk inc covid hosp,0,2025/1/18,10,quantile,0.7,52
2025/1/18,wk inc covid hosp,0,2025/1/18,10,quantile,0.75,58
2025/1/18,wk inc covid hosp,0,2025/1/18,10,quantile,0.8,64
2025/1/18,wk inc covid hosp,0,2025/1/18,10,quantile,0.85,72
2025/1/18,wk inc covid hosp,0,2025/1/18,10,quantile,0.9,84
2025/1/18,wk inc covid hosp,0,2025/1/18,10,quantile,0.95,102
2025/1/18,wk inc covid hosp,0,2025/1/18,10,quantile,0.975,120
2025/1/18,wk inc covid hosp,0,2025/1/18,10,quantile,0.99,144
2025/1/18,wk inc covid hosp,1,2025/1/25,10,quantile,0.01,0
2025/1/18,wk inc covid hosp,1,2025/1/25,10,quantile,0.025,0
2025/1/18,wk inc covid hosp,1,2025/1/25,10,quantile,0.05,0
2025/1/18,wk inc covid hosp,1,2025/1/25,10,quantile,0.1,0
2025/1/18,wk inc covid hosp,1,2025/1/25,10,quantile,0.15,0
2025/1/18,wk inc covid hosp,1,2025/1/25,10,quantile,0.2,4
2025/1/18,wk inc covid hosp,1,2025/1/25,10,quantile,0.25,10
2025/1/18,wk inc covid hosp,1,2025/1/25,10,quantile,0.3,14
2025/1/18,wk inc covid hosp,1,2025/1/25,10,quantile,0.35,18
2025/1/18,wk inc covid hosp,1,2025/1/25,10,quantile,0.4,24
2025/1/18,wk inc covid hosp,1,2025/1/25,10,quantile,0.45,28
2025/1/18,wk inc covid hosp,1,2025/1/25,10,quantile,0.5,34
2025/1/18,wk inc covid hosp,1,2025/1/25,10,quantile,0.55,40
2025/1/18,wk inc covid hosp,1,2025/1/25,10,quantile,0.6,46
2025/1/18,wk inc covid hosp,1,2025/1/25,10,quantile,0.65,52
2025/1/18,wk inc covid hosp,1,2025/1/25,10,quantile,0.7,60
2025/1/18,wk inc covid hosp,1,2025/1/25,10,quantile,0.75,68
2025/1/18,wk inc covid hosp,1,2025/1/25,10,quantile,0.8,78
2025/1/18,wk inc covid hosp,1,2025/1/25,10,quantile,0.85,92
2025/1/18,wk inc covid hosp,1,2025/1/25,10,quantile,0.9,110
2025/1/18,wk inc covid hosp,1,2025/1/25,10,quantile,0.95,144
2025/1/18,wk inc covid hosp,1,2025/1/25,10,quantile,0.975,176
2025/1/18,wk inc covid hosp,1,2025/1/25,10,quantile,0.99,222
2025/1/18,wk inc covid hosp,2,2025/2/1,10,quantile,0.01,0
2025/1/18,wk inc covid hosp,2,2025/2/1,10,quantile,0.025,0
2025/1/18,wk inc covid hosp,2,2025/2/1,10,quantile,0.05,0
2025/1/18,wk inc covid hosp,2,2025/2/1,10,quantile,0.1,0
2025/1/18,wk inc covid hosp,2,2025/2/1,10,quantile,0.15,0
2025/1/18,wk inc covid hosp,2,2025/2/1,10,quantile,0.2,0
2025/1/18,wk inc covid hosp,2,2025/2/1,10,quantile,0.25,4
2025/1/18,wk inc covid hosp,2,2025/2/1,10,quantile,0.3,10
2025/1/18,wk inc covid hosp,2,2025/2/1,10,quantile,0.35,16
2025/1/18,wk inc covid hosp,2,2025/2/1,10,quantile,0.4,22
2025/1/18,wk inc covid hosp,2,2025/2/1,10,quantile,0.45,28
2025/1/18,wk inc covid hosp,2,2025/2/1,10,quantile,0.5,34
2025/1/18,wk inc covid hosp,2,2025/2/1,10,quantile,0.55,40
2025/1/18,wk inc covid hosp,2,2025/2/1,10,quantile,0.6,48
2025/1/18,wk inc covid hosp,2,2025/2/1,10,quantile,0.65,56
2025/1/18,wk inc covid hosp,2,2025/2/1,10,quantile,0.7,66
2025/1/18,wk inc covid hosp,2,2025/2/1,10,quantile,0.75,78
2025/1/18,wk inc covid hosp,2,2025/2/1,10,quantile,0.8,92
2025/1/18,wk inc covid hosp,2,2025/2/1,10,quantile,0.85,110
2025/1/18,wk inc covid hosp,2,2025/2/1,10,quantile,0.9,136
2025/1/18,wk inc covid hosp,2,2025/2/1,10,quantile,0.95,182
2025/1/18,wk inc covid hosp,2,2025/2/1,10,quantile,0.975,232
2025/1/18,wk inc covid hosp,2,2025/2/1,10,quantile,0.99,302
2025/1/18,wk inc covid hosp,3,2025/2/8,10,quantile,0.01,0
2025/1/18,wk inc covid hosp,3,2025/2/8,10,quantile,0.025,0
2025/1/18,wk inc covid hosp,3,2025/2/8,10,quantile,0.05,0
2025/1/18,wk inc covid hosp,3,2025/2/8,10,quantile,0.1,0
2025/1/18,wk inc covid hosp,3,2025/2/8,10,quantile,0.15,0
2025/1/18,wk inc covid hosp,3,2025/2/8,10,quantile,0.2,0
2025/1/18,wk inc covid hosp,3,2025/2/8,10,quantile,0.25,2
2025/1/18,wk inc covid hosp,3,2025/2/8,10,quantile,0.3,8
2025/1/18,wk inc covid hosp,3,2025/2/8,10,quantile,0.35,14
2025/1/18,wk inc covid hosp,3,2025/2/8,10,quantile,0.4,20
2025/1/18,wk inc covid hosp,3,2025/2/8,10,quantile,0.45,26
2025/1/18,wk inc covid hosp,3,2025/2/8,10,quantile,0.5,34
2025/1/18,wk inc covid hosp,3,2025/2/8,10,quantile,0.55,42
2025/1/18,wk inc covid hosp,3,2025/2/8,10,quantile,0.6,50
2025/1/18,wk inc covid hosp,3,2025/2/8,10,quantile,0.65,60
2025/1/18,wk inc covid hosp,3,2025/2/8,10,quantile,0.7,72
2025/1/18,wk inc covid hosp,3,2025/2/8,10,quantile,0.75,86
2025/1/18,wk inc covid hosp,3,2025/2/8,10,quantile,0.8,104
2025/1/18,wk inc covid hosp,3,2025/2/8,10,quantile,0.85,126
2025/1/18,wk inc covid hosp,3,2025/2/8,10,quantile,0.9,160
2025/1/18,wk inc covid hosp,3,2025/2/8,10,quantile,0.95,222
2025/1/18,wk inc covid hosp,3,2025/2/8,10,quantile,0.975,288
2025/1/18,wk inc covid hosp,3,2025/2/8,10,quantile,0.99,388
2025/1/18,wk inc covid hosp,0,2025/1/18,17,quantile,0.01,0
2025/1/18,wk inc covid hosp,0,2025/1/18,17,quantile,0.025,24
2025/1/18,wk inc covid hosp,0,2025/1/18,17,quantile,0.05,102
2025/1/18,wk inc covid hosp,0,2025/1/18,17,quantile,0.1,198
2025/1/18,wk inc covid hosp,0,2025/1/18,17,quantile,0.15,268
2025/1/18,wk inc covid hosp,0,2025/1/18,17,quantile,0.2,328
2025/1/18,wk inc covid hosp,0,2025/1/18,17,quantile,0.25,382
2025/1/18,wk inc covid hosp,0,2025/1/18,17,quantile,0.3,432
2025/1/18,wk inc covid hosp,0,2025/1/18,17,quantile,0.35,480
2025/1/18,wk inc covid hosp,0,2025/1/18,17,quantile,0.4,526
2025/1/18,wk inc covid hosp,0,2025/1/18,17,quantile,0.45,574
2025/1/18,wk inc covid hosp,0,2025/1/18,17,quantile,0.5,622
2025/1/18,wk inc covid hosp,0,2025/1/18,17,quantile,0.55,672
2025/1/18,wk inc covid hosp,0,2025/1/18,17,quantile,0.6,724
2025/1/18,wk inc covid hosp,0,2025/1/18,17,quantile,0.65,780
2025/1/18,wk inc covid hosp,0,2025/1/18,17,quantile,0.7,840
2025/1/18,wk inc covid hosp,0,2025/1/18,17,quantile,0.75,908
2025/1/18,wk inc covid hosp,0,2025/1/18,17,quantile,0.8,988
2025/1/18,wk inc covid hosp,0,2025/1/18,17,quantile,0.85,1084
2025/1/18,wk inc covid hosp,0,2025/1/18,17,quantile,0.9,1214
2025/1/18,wk inc covid hosp,0,2025/1/18,17,quantile,0.95,1420
2025/1/18,wk inc covid hosp,0,2025/1/18,17,quantile,0.975,1616
2025/1/18,wk inc covid hosp,0,2025/1/18,17,quantile,0.99,1864
2025/1/18,wk inc covid hosp,1,2025/1/25,17,quantile,0.01,0
2025/1/18,wk inc covid hosp,1,2025/1/25,17,quantile,0.025,0
2025/1/18,wk inc covid hosp,1,2025/1/25,17,quantile,0.05,0
2025/1/18,wk inc covid hosp,1,2025/1/25,17,quantile,0.1,26
2025/1/18,wk inc covid hosp,1,2025/1/25,17,quantile,0.15,98
2025/1/18,wk inc covid hosp,1,2025/1/25,17,quantile,0.2,160
2025/1/18,wk inc covid hosp,1,2025/1/25,17,quantile,0.25,218
2025/1/18,wk inc covid hosp,1,2025/1/25,17,quantile,0.3,272
2025/1/18,wk inc covid hosp,1,2025/1/25,17,quantile,0.35,326
2025/1/18,wk inc covid hosp,1,2025/1/25,17,quantile,0.4,378
2025/1/18,wk inc covid hosp,1,2025/1/25,17,quantile,0.45,432
2025/1/18,wk inc covid hosp,1,2025/1/25,17,quantile,0.5,486
2025/1/18,wk inc covid hosp,1,2025/1/25,17,quantile,0.55,544
2025/1/18,wk inc covid hosp,1,2025/1/25,17,quantile,0.6,606
2025/1/18,wk inc covid hosp,1,2025/1/25,17,quantile,0.65,674
2025/1/18,wk inc covid hosp,1,2025/1/25,17,quantile,0.7,748
2025/1/18,wk inc covid hosp,1,2025/1/25,17,quantile,0.75,832
2025/1/18,wk inc covid hosp,1,2025/1/25,17,quantile,0.8,932
2025/1/18,wk inc covid hosp,1,2025/1/25,17,quantile,0.85,1056
2025/1/18,wk inc covid hosp,1,2025/1/25,17,quantile,0.9,1224
2025/1/18,wk inc covid hosp,1,2025/1/25,17,quantile,0.95,1504
2025/1/18,wk inc covid hosp,1,2025/1/25,17,quantile,0.975,1780
2025/1/18,wk inc covid hosp,1,2025/1/25,17,quantile,0.99,2144
2025/1/18,wk inc covid hosp,2,2025/2/1,17,quantile,0.01,0
2025/1/18,wk inc covid hosp,2,2025/2/1,17,quantile,0.025,0
2025/1/18,wk inc covid hosp,2,2025/2/1,17,quantile,0.05,0
2025/1/18,wk inc covid hosp,2,2025/2/1,17,quantile,0.1,0
2025/1/18,wk inc covid hosp,2,2025/2/1,17,quantile,0.15,21
2025/1/18,wk inc covid hosp,2,2025/2/1,17,quantile,0.2,87
2025/1/18,wk inc covid hosp,2,2025/2/1,17,quantile,0.25,147
2025/1/18,wk inc covid hosp,2,2025/2/1,17,quantile,0.3,207
2025/1/18,wk inc covid hosp,2,2025/2/1,17,quantile,0.35,265
2025/1/18,wk inc covid hosp,2,2025/2/1,17,quantile,0.4,325
2025/1/18,wk inc covid hosp,2,2025/2/1,17,quantile,0.45,385
2025/1/18,wk inc covid hosp,2,2025/2/1,17,quantile,0.5,447
2025/1/18,wk inc covid hosp,2,2025/2/1,17,quantile,0.55,515
2025/1/18,wk inc covid hosp,2,2025/2/1,17,quantile,0.6,587
2025/1/18,wk inc covid hosp,2,2025/2/1,17,quantile,0.65,665
2025/1/18,wk inc covid hosp,2,2025/2/1,17,quantile,0.7,753
2025/1/18,wk inc covid hosp,2,2025/2/1,17,quantile,0.75,855
2025/1/18,wk inc covid hosp,2,2025/2/1,17,quantile,0.8,977
2025/1/18,wk inc covid hosp,2,2025/2/1,17,quantile,0.85,1129
2025/1/18,wk inc covid hosp,2,2025/2/1,17,quantile,0.9,1343
2025/1/18,wk inc covid hosp,2,2025/2/1,17,quantile,0.95,1707
2025/1/18,wk inc covid hosp,2,2025/2/1,17,quantile,0.975,2073
2025/1/18,wk inc covid hosp,2,2025/2/1,17,quantile,0.99,2571
2025/1/18,wk inc covid hosp,3,2025/2/8,17,quantile,0.01,0
2025/1/18,wk inc covid hosp,3,2025/2/8,17,quantile,0.025,0
2025/1/18,wk inc covid hosp,3,2025/2/8,17,quantile,0.05,0
2025/1/18,wk inc covid hosp,3,2025/2/8,17,quantile,0.1,0
2025/1/18,wk inc covid hosp,3,2025/2/8,17,quantile,0.15,0
2025/1/18,wk inc covid hosp,3,2025/2/8,17,quantile,0.2,47
2025/1/18,wk inc covid hosp,3,2025/2/8,17,quantile,0.25,115
2025/1/18,wk inc covid hosp,3,2025/2/8,17,quantile,0.3,183
2025/1/18,wk inc covid hosp,3,2025/2/8,17,quantile,0.35,249
2025/1/18,wk inc covid hosp,3,2025/2/8,17,quantile,0.4,319
2025/1/18,wk inc covid hosp,3,2025/2/8,17,quantile,0.45,389
2025/1/18,wk inc covid hosp,3,2025/2/8,17,quantile,0.5,463
2025/1/18,wk inc covid hosp,3,2025/2/8,17,quantile,0.55,543
2025/1/18,wk inc covid hosp,3,2025/2/8,17,quantile,0.6,629
2025/1/18,wk inc covid hosp,3,2025/2/8,17,quantile,0.65,725
2025/1/18,wk inc covid hosp,3,2025/2/8,17,quantile,0.7,833
2025/1/18,wk inc covid hosp,3,2025/2/8,17,quantile,0.75,959
2025/1/18,wk inc covid hosp,3,2025/2/8,17,quantile,0.8,1111
2025/1/18,wk inc covid hosp,3,2025/2/8,17,quantile,0.85,1307
2025/1/18,wk inc covid hosp,3,2025/2/8,17,quantile,0.9,1581
2025/1/18,wk inc covid hosp,3,2025/2/8,17,quantile,0.95,2059
2025/1/18,wk inc covid hosp,3,2025/2/8,17,quantile,0.975,2553
2025/1/18,wk inc covid hosp,3,2025/2/8,17,quantile,0.99,3237
2025/1/18,wk inc covid hosp,0,2025/1/18,18,quantile,0.01,0
2025/1/18,wk inc covid hosp,0,2025/1/18,18,quantile,0.025,14
2025/1/18,wk inc covid hosp,0,2025/1/18,18,quantile,0.05,72
2025/1/18,wk inc covid hosp,0,2025/1/18,18,quantile,0.1,146
2025/1/18,wk inc covid hosp,0,2025/1/18,18,quantile,0.15,200
2025/1/18,wk inc covid hosp,0,2025/1/18,18,quantile,0.2,246
2025/1/18,wk inc covid hosp,0,2025/1/18,18,quantile,0.25,288
2025/1/18,wk inc covid hosp,0,2025/1/18,18,quantile,0.3,328
2025/1/18,wk inc covid hosp,0,2025/1/18,18,quantile,0.35,364
2025/1/18,wk inc covid hosp,0,2025/1/18,18,quantile,0.4,402
2025/1/18,wk inc covid hosp,0,2025/1/18,18,quantile,0.45,440
2025/1/18,wk inc covid hosp,0,2025/1/18,18,quantile,0.5,478
2025/1/18,wk inc covid hosp,0,2025/1/18,18,quantile,0.55,518
2025/1/18,wk inc covid hosp,0,2025/1/18,18,quantile,0.6,558
2025/1/18,wk inc covid hosp,0,2025/1/18,18,quantile,0.65,604
2025/1/18,wk inc covid hosp,0,2025/1/18,18,quantile,0.7,652
2025/1/18,wk inc covid hosp,0,2025/1/18,18,quantile,0.75,708
2025/1/18,wk inc covid hosp,0,2025/1/18,18,quantile,0.8,772
2025/1/18,wk inc covid hosp,0,2025/1/18,18,quantile,0.85,850
2025/1/18,wk inc covid hosp,0,2025/1/18,18,quantile,0.9,954
2025/1/18,wk inc covid hosp,0,2025/1/18,18,quantile,0.95,1124
2025/1/18,wk inc covid hosp,0,2025/1/18,18,quantile,0.975,1286
2025/1/18,wk inc covid hosp,0,2025/1/18,18,quantile,0.99,1494
2025/1/18,wk inc covid hosp,1,2025/1/25,18,quantile,0.01,0
2025/1/18,wk inc covid hosp,1,2025/1/25,18,quantile,0.025,0
2025/1/18,wk inc covid hosp,1,2025/1/25,18,quantile,0.05,0
2025/1/18,wk inc covid hosp,1,2025/1/25,18,quantile,0.1,38
2025/1/18,wk inc covid hosp,1,2025/1/25,18,quantile,0.15,102
2025/1/18,wk inc covid hosp,1,2025/1/25,18,quantile,0.2,160
2025/1/18,wk inc covid hosp,1,2025/1/25,18,quantile,0.25,212
2025/1/18,wk inc covid hosp,1,2025/1/25,18,quantile,0.3,262
2025/1/18,wk inc covid hosp,1,2025/1/25,18,quantile,0.35,312
2025/1/18,wk inc covid hosp,1,2025/1/25,18,quantile,0.4,360
2025/1/18,wk inc covid hosp,1,2025/1/25,18,quantile,0.45,410
2025/1/18,wk inc covid hosp,1,2025/1/25,18,quantile,0.5,462
2025/1/18,wk inc covid hosp,1,2025/1/25,18,quantile,0.55,518
2025/1/18,wk inc covid hosp,1,2025/1/25,18,quantile,0.6,576
2025/1/18,wk inc covid hosp,1,2025/1/25,18,quantile,0.65,640
2025/1/18,wk inc covid hosp,1,2025/1/25,18,quantile,0.7,710
2025/1/18,wk inc covid hosp,1,2025/1/25,18,quantile,0.75,792
2025/1/18,wk inc covid hosp,1,2025/1/25,18,quantile,0.8,888
2025/1/18,wk inc covid hosp,1,2025/1/25,18,quantile,0.85,1008
2025/1/18,wk inc covid hosp,1,2025/1/25,18,quantile,0.9,1174
2025/1/18,wk inc covid hosp,1,2025/1/25,18,quantile,0.95,1450
2025/1/18,wk inc covid hosp,1,2025/1/25,18,quantile,0.975,1726
2025/1/18,wk inc covid hosp,1,2025/1/25,18,quantile,0.99,2092
2025/1/18,wk inc covid hosp,2,2025/2/1,18,quantile,0.01,0
2025/1/18,wk inc covid hosp,2,2025/2/1,18,quantile,0.025,0
2025/1/18,wk inc covid hosp,2,2025/2/1,18,quantile,0.05,0
2025/1/18,wk inc covid hosp,2,2025/2/1,18,quantile,0.1,0
2025/1/18,wk inc covid hosp,2,2025/2/1,18,quantile,0.15,39
2025/1/18,wk inc covid hosp,2,2025/2/1,18,quantile,0.2,103
2025/1/18,wk inc covid hosp,2,2025/2/1,18,quantile,0.25,161
2025/1/18,wk inc covid hosp,2,2025/2/1,18,quantile,0.3,219
2025/1/18,wk inc covid hosp,2,2025/2/1,18,quantile,0.35,277
2025/1/18,wk inc covid hosp,2,2025/2/1,18,quantile,0.4,335
2025/1/18,wk inc covid hosp,2,2025/2/1,18,quantile,0.45,395
2025/1/18,wk inc covid hosp,2,2025/2/1,18,quantile,0.5,457
2025/1/18,wk inc covid hosp,2,2025/2/1,18,quantile,0.55,523
2025/1/18,wk inc covid hosp,2,2025/2/1,18,quantile,0.6,595
2025/1/18,wk inc covid hosp,2,2025/2/1,18,quantile,0.65,675
2025/1/18,wk inc covid hosp,2,2025/2/1,18,quantile,0.7,765
2025/1/18,wk inc covid hosp,2,2025/2/1,18,quantile,0.75,867
2025/1/18,wk inc covid hosp,2,2025/2/1,18,quantile,0.8,993
2025/1/18,wk inc covid hosp,2,2025/2/1,18,quantile,0.85,1151
2025/1/18,wk inc covid hosp,2,2025/2/1,18,quantile,0.9,1373
2025/1/18,wk inc covid hosp,2,2025/2/1,18,quantile,0.95,1757
2025/1/18,wk inc covid hosp,2,2025/2/1,18,quantile,0.975,2149
2025/1/18,wk inc covid hosp,2,2025/2/1,18,quantile,0.99,2687
2025/1/18,wk inc covid hosp,3,2025/2/8,18,quantile,0.01,0
2025/1/18,wk inc covid hosp,3,2025/2/8,18,quantile,0.025,0
2025/1/18,wk inc covid hosp,3,2025/2/8,18,quantile,0.05,0
2025/1/18,wk inc covid hosp,3,2025/2/8,18,quantile,0.1,0
2025/1/18,wk inc covid hosp,3,2025/2/8,18,quantile,0.15,0
2025/1/18,wk inc covid hosp,3,2025/2/8,18,quantile,0.2,59
2025/1/18,wk inc covid hosp,3,2025/2/8,18,quantile,0.25,123
2025/1/18,wk inc covid hosp,3,2025/2/8,18,quantile,0.3,187
2025/1/18,wk inc covid hosp,3,2025/2/8,18,quantile,0.35,249
2025/1/18,wk inc covid hosp,3,2025/2/8,18,quantile,0.4,315
2025/1/18,wk inc covid hosp,3,2025/2/8,18,quantile,0.45,383
2025/1/18,wk inc covid hosp,3,2025/2/8,18,quantile,0.5,455
2025/1/18,wk inc covid hosp,3,2025/2/8,18,quantile,0.55,531
2025/1/18,wk inc covid hosp,3,2025/2/8,18,quantile,0.6,615
2025/1/18,wk inc covid hosp,3,2025/2/8,18,quantile,0.65,709
2025/1/18,wk inc covid hosp,3,2025/2/8,18,quantile,0.7,815
2025/1/18,wk inc covid hosp,3,2025/2/8,18,quantile,0.75,941
2025/1/18,wk inc covid hosp,3,2025/2/8,18,quantile,0.8,1093
2025/1/18,wk inc covid hosp,3,2025/2/8,18,quantile,0.85,1289
2025/1/18,wk inc covid hosp,3,2025/2/8,18,quantile,0.9,1567
2025/1/18,wk inc covid hosp,3,2025/2/8,18,quantile,0.95,2061
2025/1/18,wk inc covid hosp,3,2025/2/8,18,quantile,0.975,2577
2025/1/18,wk inc covid hosp,3,2025/2/8,18,quantile,0.99,3307
2025/1/18,wk inc covid hosp,0,2025/1/18,20,quantile,0.01,0
2025/1/18,wk inc covid hosp,0,2025/1/18,20,quantile,0.025,0
2025/1/18,wk inc covid hosp,0,2025/1/18,20,quantile,0.05,9
2025/1/18,wk inc covid hosp,0,2025/1/18,20,quantile,0.1,35
2025/1/18,wk inc covid hosp,0,2025/1/18,20,quantile,0.15,53
2025/1/18,wk inc covid hosp,0,2025/1/18,20,quantile,0.2,69
2025/1/18,wk inc covid hosp,0,2025/1/18,20,quantile,0.25,83
2025/1/18,wk inc covid hosp,0,2025/1/18,20,quantile,0.3,97
2025/1/18,wk inc covid hosp,0,2025/1/18,20,quantile,0.35,109
2025/1/18,wk inc covid hosp,0,2025/1/18,20,quantile,0.4,123
2025/1/18,wk inc covid hosp,0,2025/1/18,20,quantile,0.45,135
2025/1/18,wk inc covid hosp,0,2025/1/18,20,quantile,0.5,149
2025/1/18,wk inc covid hosp,0,2025/1/18,20,quantile,0.55,163
2025/1/18,wk inc covid hosp,0,2025/1/18,20,quantile,0.6,177
2025/1/18,wk inc covid hosp,0,2025/1/18,20,quantile,0.65,193
2025/1/18,wk inc covid hosp,0,2025/1/18,20,quantile,0.7,211
2025/1/18,wk inc covid hosp,0,2025/1/18,20,quantile,0.75,229
2025/1/18,wk inc covid hosp,0,2025/1/18,20,quantile,0.8,253
2025/1/18,wk inc covid hosp,0,2025/1/18,20,quantile,0.85,281
2025/1/18,wk inc covid hosp,0,2025/1/18,20,quantile,0.9,317
2025/1/18,wk inc covid hosp,0,2025/1/18,20,quantile,0.95,379
2025/1/18,wk inc covid hosp,0,2025/1/18,20,quantile,0.975,437
2025/1/18,wk inc covid hosp,0,2025/1/18,20,quantile,0.99,513
2025/1/18,wk inc covid hosp,1,2025/1/25,20,quantile,0.01,0
2025/1/18,wk inc covid hosp,1,2025/1/25,20,quantile,0.025,0
2025/1/18,wk inc covid hosp,1,2025/1/25,20,quantile,0.05,0
2025/1/18,wk inc covid hosp,1,2025/1/25,20,quantile,0.1,0
2025/1/18,wk inc covid hosp,1,2025/1/25,20,quantile,0.15,21
2025/1/18,wk inc covid hosp,1,2025/1/25,20,quantile,0.2,41
2025/1/18,wk inc covid hosp,1,2025/1/25,20,quantile,0.25,59
2025/1/18,wk inc covid hosp,1,2025/1/25,20,quantile,0.3,77
2025/1/18,wk inc covid hosp,1,2025/1/25,20,quantile,0.35,95
2025/1/18,wk inc covid hosp,1,2025/1/25,20,quantile,0.4,113
2025/1/18,wk inc covid hosp,1,2025/1/25,20,quantile,0.45,131
2025/1/18,wk inc covid hosp,1,2025/1/25,20,quantile,0.5,149
2025/1/18,wk inc covid hosp,1,2025/1/25,20,quantile,0.55,169
2025/1/18,wk inc covid hosp,1,2025/1/25,20,quantile,0.6,189
2025/1/18,wk inc covid hosp,1,2025/1/25,20,quantile,0.65,213
2025/1/18,wk inc covid hosp,1,2025/1/25,20,quantile,0.7,239
2025/1/18,wk inc covid hosp,1,2025/1/25,20,quantile,0.75,269
2025/1/18,wk inc covid hosp,1,2025/1/25,20,quantile,0.8,303
2025/1/18,wk inc covid hosp,1,2025/1/25,20,quantile,0.85,349
2025/1/18,wk inc covid hosp,1,2025/1/25,20,quantile,0.9,409
2025/1/18,wk inc covid hosp,1,2025/1/25,20,quantile,0.95,513
2025/1/18,wk inc covid hosp,1,2025/1/25,20,quantile,0.975,617
2025/1/18,wk inc covid hosp,1,2025/1/25,20,quantile,0.99,757
2025/1/18,wk inc covid hosp,2,2025/2/1,20,quantile,0.01,0
2025/1/18,wk inc covid hosp,2,2025/2/1,20,quantile,0.025,0
2025/1/18,wk inc covid hosp,2,2025/2/1,20,quantile,0.05,0
2025/1/18,wk inc covid hosp,2,2025/2/1,20,quantile,0.1,0
2025/1/18,wk inc covid hosp,2,2025/2/1,20,quantile,0.15,0
2025/1/18,wk inc covid hosp,2,2025/2/1,20,quantile,0.2,21
2025/1/18,wk inc covid hosp,2,2025/2/1,20,quantile,0.25,43
2025/1/18,wk inc covid hosp,2,2025/2/1,20,quantile,0.3,63
2025/1/18,wk inc covid hosp,2,2025/2/1,20,quantile,0.35,83
2025/1/18,wk inc covid hosp,2,2025/2/1,20,quantile,0.4,105
2025/1/18,wk inc covid hosp,2,2025/2/1,20,quantile,0.45,127
2025/1/18,wk inc covid hosp,2,2025/2/1,20,quantile,0.5,149
2025/1/18,wk inc covid hosp,2,2025/2/1,20,quantile,0.55,173
2025/1/18,wk inc covid hosp,2,2025/2/1,20,quantile,0.6,199
2025/1/18,wk inc covid hosp,2,2025/2/1,20,quantile,0.65,229
2025/1/18,wk inc covid hosp,2,2025/2/1,20,quantile,0.7,261
2025/1/18,wk inc covid hosp,2,2025/2/1,20,quantile,0.75,301
2025/1/18,wk inc covid hosp,2,2025/2/1,20,quantile,0.8,347
2025/1/18,wk inc covid hosp,2,2025/2/1,20,quantile,0.85,407
2025/1/18,wk inc covid hosp,2,2025/2/1,20,quantile,0.9,491
2025/1/18,wk inc covid hosp,2,2025/2/1,20,quantile,0.95,637
2025/1/18,wk inc covid hosp,2,2025/2/1,20,quantile,0.975,789
2025/1/18,wk inc covid hosp,2,2025/2/1,20,quantile,0.99,999
2025/1/18,wk inc covid hosp,3,2025/2/8,20,quantile,0.01,0
2025/1/18,wk inc covid hosp,3,2025/2/8,20,quantile,0.025,0
2025/1/18,wk inc covid hosp,3,2025/2/8,20,quantile,0.05,0
2025/1/18,wk inc covid hosp,3,2025/2/8,20,quantile,0.1,0
2025/1/18,wk inc covid hosp,3,2025/2/8,20,quantile,0.15,0
2025/1/18,wk inc covid hosp,3,2025/2/8,20,quantile,0.2,7
2025/1/18,wk inc covid hosp,3,2025/2/8,20,quantile,0.25,29
2025/1/18,wk inc covid hosp,3,2025/2/8,20,quantile,0.3,53
2025/1/18,wk inc covid hosp,3,2025/2/8,20,quantile,0.35,75
2025/1/18,wk inc covid hosp,3,2025/2/8,20,quantile,0.4,99
2025/1/18,wk inc covid hosp,3,2025/2/8,20,quantile,0.45,123
2025/1/18,wk inc covid hosp,3,2025/2/8,20,quantile,0.5,149
2025/1/18,wk inc covid hosp,3,2025/2/8,20,quantile,0.55,177
2025/1/18,wk inc covid hosp,3,2025/2/8,20,quantile,0.6,209
2025/1/18,wk inc covid hosp,3,2025/2/8,20,quantile,0.65,243
2025/1/18,wk inc covid hosp,3,2025/2/8,20,quantile,0.7,283
2025/1/18,wk inc covid hosp,3,2025/2/8,20,quantile,0.75,329
2025/1/18,wk inc covid hosp,3,2025/2/8,20,quantile,0.8,385
2025/1/18,wk inc covid hosp,3,2025/2/8,20,quantile,0.85,461
2025/1/18,wk inc covid hosp,3,2025/2/8,20,quantile,0.9,567
2025/1/18,wk inc covid hosp,3,2025/2/8,20,quantile,0.95,757
2025/1/18,wk inc covid hosp,3,2025/2/8,20,quantile,0.975,959
2025/1/18,wk inc covid hosp,3,2025/2/8,20,quantile,0.99,1249
2025/1/18,wk inc covid hosp,0,2025/1/18,21,quantile,0.01,0
2025/1/18,wk inc covid hosp,0,2025/1/18,21,quantile,0.025,0
2025/1/18,wk inc covid hosp,0,2025/1/18,21,quantile,0.05,0
2025/1/18,wk inc covid hosp,0,2025/1/18,21,quantile,0.1,37
2025/1/18,wk inc covid hosp,0,2025/1/18,21,quantile,0.15,65
2025/1/18,wk inc covid hosp,0,2025/1/18,21,quantile,0.2,89
2025/1/18,wk inc covid hosp,0,2025/1/18,21,quantile,0.25,111
2025/1/18,wk inc covid hosp,0,2025/1/18,21,quantile,0.3,131
2025/1/18,wk inc covid hosp,0,2025/1/18,21,quantile,0.35,151
2025/1/18,wk inc covid hosp,0,2025/1/18,21,quantile,0.4,171
2025/1/18,wk inc covid hosp,0,2025/1/18,21,quantile,0.45,191
2025/1/18,wk inc covid hosp,0,2025/1/18,21,quantile,0.5,211
2025/1/18,wk inc covid hosp,0,2025/1/18,21,quantile,0.55,233
2025/1/18,wk inc covid hosp,0,2025/1/18,21,quantile,0.6,255
2025/1/18,wk inc covid hosp,0,2025/1/18,21,quantile,0.65,279
2025/1/18,wk inc covid hosp,0,2025/1/18,21,quantile,0.7,307
2025/1/18,wk inc covid hosp,0,2025/1/18,21,quantile,0.75,337
2025/1/18,wk inc covid hosp,0,2025/1/18,21,quantile,0.8,373
2025/1/18,wk inc covid hosp,0,2025/1/18,21,quantile,0.85,415
2025/1/18,wk inc covid hosp,0,2025/1/18,21,quantile,0.9,475
2025/1/18,wk inc covid hosp,0,2025/1/18,21,quantile,0.95,573
2025/1/18,wk inc covid hosp,0,2025/1/18,21,quantile,0.975,667
2025/1/18,wk inc covid hosp,0,2025/1/18,21,quantile,0.99,789
2025/1/18,wk inc covid hosp,1,2025/1/25,21,quantile,0.01,0
2025/1/18,wk inc covid hosp,1,2025/1/25,21,quantile,0.025,0
2025/1/18,wk inc covid hosp,1,2025/1/25,21,quantile,0.05,0
2025/1/18,wk inc covid hosp,1,2025/1/25,21,quantile,0.1,0
2025/1/18,wk inc covid hosp,1,2025/1/25,21,quantile,0.15,17
2025/1/18,wk inc covid hosp,1,2025/1/25,21,quantile,0.2,47
2025/1/18,wk inc covid hosp,1,2025/1/25,21,quantile,0.25,75
2025/1/18,wk inc covid hosp,1,2025/1/25,21,quantile,0.3,101
2025/1/18,wk inc covid hosp,1,2025/1/25,21,quantile,0.35,127
2025/1/18,wk inc covid hosp,1,2025/1/25,21,quantile,0.4,155
2025/1/18,wk inc covid hosp,1,2025/1/25,21,quantile,0.45,183
2025/1/18,wk inc covid hosp,1,2025/1/25,21,quantile,0.5,211
2025/1/18,wk inc covid hosp,1,2025/1/25,21,quantile,0.55,241
2025/1/18,wk inc covid hosp,1,2025/1/25,21,quantile,0.6,275
2025/1/18,wk inc covid hosp,1,2025/1/25,21,quantile,0.65,311
2025/1/18,wk inc covid hosp,1,2025/1/25,21,quantile,0.7,351
2025/1/18,wk inc covid hosp,1,2025/1/25,21,quantile,0.75,397
2025/1/18,wk inc covid hosp,1,2025/1/25,21,quantile,0.8,453
2025/1/18,wk inc covid hosp,1,2025/1/25,21,quantile,0.85,523
2025/1/18,wk inc covid hosp,1,2025/1/25,21,quantile,0.9,621
2025/1/18,wk inc covid hosp,1,2025/1/25,21,quantile,0.95,789
2025/1/18,wk inc covid hosp,1,2025/1/25,21,quantile,0.975,959
2025/1/18,wk inc covid hosp,1,2025/1/25,21,quantile,0.99,1189
2025/1/18,wk inc covid hosp,2,2025/2/1,21,quantile,0.01,0
2025/1/18,wk inc covid hosp,2,2025/2/1,21,quantile,0.025,0
2025/1/18,wk inc covid hosp,2,2025/2/1,21,quantile,0.05,0
2025/1/18,wk inc covid hosp,2,2025/2/1,21,quantile,0.1,0
2025/1/18,wk inc covid hosp,2,2025/2/1,21,quantile,0.15,0
2025/1/18,wk inc covid hosp,2,2025/2/1,21,quantile,0.2,17
2025/1/18,wk inc covid hosp,2,2025/2/1,21,quantile,0.25,49
2025/1/18,wk inc covid hosp,2,2025/2/1,21,quantile,0.3,81
2025/1/18,wk inc covid hosp,2,2025/2/1,21,quantile,0.35,111
2025/1/18,wk inc covid hosp,2,2025/2/1,21,quantile,0.4,143
2025/1/18,wk inc covid hosp,2,2025/2/1,21,quantile,0.45,177
2025/1/18,wk inc covid hosp,2,2025/2/1,21,quantile,0.5,211
2025/1/18,wk inc covid hosp,2,2025/2/1,21,quantile,0.55,249
2025/1/18,wk inc covid hosp,2,2025/2/1,21,quantile,0.6,289
2025/1/18,wk inc covid hosp,2,2025/2/1,21,quantile,0.65,335
2025/1/18,wk inc covid hosp,2,2025/2/1,21,quantile,0.7,387
2025/1/18,wk inc covid hosp,2,2025/2/1,21,quantile,0.75,447
2025/1/18,wk inc covid hosp,2,2025/2/1,21,quantile,0.8,521
2025/1/18,wk inc covid hosp,2,2025/2/1,21,quantile,0.85,617
2025/1/18,wk inc covid hosp,2,2025/2/1,21,quantile,0.9,753
2025/1/18,wk inc covid hosp,2,2025/2/1,21,quantile,0.95,991
2025/1/18,wk inc covid hosp,2,2025/2/1,21,quantile,0.975,1241
2025/1/18,wk inc covid hosp,2,2025/2/1,21,quantile,0.99,1595
2025/1/18,wk inc covid hosp,3,2025/2/8,21,quantile,0.01,0
2025/1/18,wk inc covid hosp,3,2025/2/8,21,quantile,0.025,0
2025/1/18,wk inc covid hosp,3,2025/2/8,21,quantile,0.05,0
2025/1/18,wk inc covid hosp,3,2025/2/8,21,quantile,0.1,0
2025/1/18,wk inc covid hosp,3,2025/2/8,21,quantile,0.15,0
2025/1/18,wk inc covid hosp,3,2025/2/8,21,quantile,0.2,0
2025/1/18,wk inc covid hosp,3,2025/2/8,21,quantile,0.25,29
2025/1/18,wk inc covid hosp,3,2025/2/8,21,quantile,0.3,63
2025/1/18,wk inc covid hosp,3,2025/2/8,21,quantile,0.35,97
2025/1/18,wk inc covid hosp,3,2025/2/8,21,quantile,0.4,133
2025/1/18,wk inc covid hosp,3,2025/2/8,21,quantile,0.45,171
2025/1/18,wk inc covid hosp,3,2025/2/8,21,quantile,0.5,211
2025/1/18,wk inc covid hosp,3,2025/2/8,21,quantile,0.55,255
2025/1/18,wk inc covid hosp,3,2025/2/8,21,quantile,0.6,303
2025/1/18,wk inc covid hosp,3,2025/2/8,21,quantile,0.65,357
2025/1/18,wk inc covid hosp,3,2025/2/8,21,quantile,0.7,419
2025/1/18,wk inc covid hosp,3,2025/2/8,21,quantile,0.75,493
2025/1/18,wk inc covid hosp,3,2025/2/8,21,quantile,0.8,583
2025/1/18,wk inc covid hosp,3,2025/2/8,21,quantile,0.85,703
2025/1/18,wk inc covid hosp,3,2025/2/8,21,quantile,0.9,877
2025/1/18,wk inc covid hosp,3,2025/2/8,21,quantile,0.95,1189
2025/1/18,wk inc covid hosp,3,2025/2/8,21,quantile,0.975,1529
2025/1/18,wk inc covid hosp,3,2025/2/8,21,quantile,0.99,2021
2025/1/18,wk inc covid hosp,0,2025/1/18,29,quantile,0.01,0
2025/1/18,wk inc covid hosp,0,2025/1/18,29,quantile,0.025,0
2025/1/18,wk inc covid hosp,0,2025/1/18,29,quantile,0.05,7
2025/1/18,wk inc covid hosp,0,2025/1/18,29,quantile,0.1,41
2025/1/18,wk inc covid hosp,0,2025/1/18,29,quantile,0.15,67
2025/1/18,wk inc covid hosp,0,2025/1/18,29,quantile,0.2,87
2025/1/18,wk inc covid hosp,0,2025/1/18,29,quantile,0.25,107
2025/1/18,wk inc covid hosp,0,2025/1/18,29,quantile,0.3,125
2025/1/18,wk inc covid hosp,0,2025/1/18,29,quantile,0.35,141
2025/1/18,wk inc covid hosp,0,2025/1/18,29,quantile,0.4,159
2025/1/18,wk inc covid hosp,0,2025/1/18,29,quantile,0.45,175
2025/1/18,wk inc covid hosp,0,2025/1/18,29,quantile,0.5,193
2025/1/18,wk inc covid hosp,0,2025/1/18,29,quantile,0.55,211
2025/1/18,wk inc covid hosp,0,2025/1/18,29,quantile,0.6,229
2025/1/18,wk inc covid hosp,0,2025/1/18,29,quantile,0.65,249
2025/1/18,wk inc covid hosp,0,2025/1/18,29,quantile,0.7,271
2025/1/18,wk inc covid hosp,0,2025/1/18,29,quantile,0.75,295
2025/1/18,wk inc covid hosp,0,2025/1/18,29,quantile,0.8,325
2025/1/18,wk inc covid hosp,0,2025/1/18,29,quantile,0.85,359
2025/1/18,wk inc covid hosp,0,2025/1/18,29,quantile,0.9,407
2025/1/18,wk inc covid hosp,0,2025/1/18,29,quantile,0.95,481
2025/1/18,wk inc covid hosp,0,2025/1/18,29,quantile,0.975,553
2025/1/18,wk inc covid hosp,0,2025/1/18,29,quantile,0.99,645
2025/1/18,wk inc covid hosp,1,2025/1/25,29,quantile,0.01,0
2025/1/18,wk inc covid hosp,1,2025/1/25,29,quantile,0.025,0
2025/1/18,wk inc covid hosp,1,2025/1/25,29,quantile,0.05,0
2025/1/18,wk inc covid hosp,1,2025/1/25,29,quantile,0.1,0
2025/1/18,wk inc covid hosp,1,2025/1/25,29,quantile,0.15,9
2025/1/18,wk inc covid hosp,1,2025/1/25,29,quantile,0.2,31
2025/1/18,wk inc covid hosp,1,2025/1/25,29,quantile,0.25,51
2025/1/18,wk inc covid hosp,1,2025/1/25,29,quantile,0.3,71
2025/1/18,wk inc covid hosp,1,2025/1/25,29,quantile,0.35,89
2025/1/18,wk inc covid hosp,1,2025/1/25,29,quantile,0.4,109
2025/1/18,wk inc covid hosp,1,2025/1/25,29,quantile,0.45,127
2025/1/18,wk inc covid hosp,1,2025/1/25,29,quantile,0.5,147
2025/1/18,wk inc covid hosp,1,2025/1/25,29,quantile,0.55,169
2025/1/18,wk inc covid hosp,1,2025/1/25,29,quantile,0.6,191
2025/1/18,wk inc covid hosp,1,2025/1/25,29,quantile,0.65,215
2025/1/18,wk inc covid hosp,1,2025/1/25,29,quantile,0.7,241
2025/1/18,wk inc covid hosp,1,2025/1/25,29,quantile,0.75,273
2025/1/18,wk inc covid hosp,1,2025/1/25,29,quantile,0.8,309
2025/1/18,wk inc covid hosp,1,2025/1/25,29,quantile,0.85,353
2025/1/18,wk inc covid hosp,1,2025/1/25,29,quantile,0.9,417
2025/1/18,wk inc covid hosp,1,2025/1/25,29,quantile,0.95,519
2025/1/18,wk inc covid hosp,1,2025/1/25,29,quantile,0.975,623
2025/1/18,wk inc covid hosp,1,2025/1/25,29,quantile,0.99,759
2025/1/18,wk inc covid hosp,2,2025/2/1,29,quantile,0.01,0
2025/1/18,wk inc covid hosp,2,2025/2/1,29,quantile,0.025,0
2025/1/18,wk inc covid hosp,2,2025/2/1,29,quantile,0.05,0
2025/1/18,wk inc covid hosp,2,2025/2/1,29,quantile,0.1,0
2025/1/18,wk inc covid hosp,2,2025/2/1,29,quantile,0.15,0
2025/1/18,wk inc covid hosp,2,2025/2/1,29,quantile,0.2,0
2025/1/18,wk inc covid hosp,2,2025/2/1,29,quantile,0.25,20
2025/1/18,wk inc covid hosp,2,2025/2/1,29,quantile,0.3,38
2025/1/18,wk inc covid hosp,2,2025/2/1,29,quantile,0.35,58
2025/1/18,wk inc covid hosp,2,2025/2/1,29,quantile,0.4,78
2025/1/18,wk inc covid hosp,2,2025/2/1,29,quantile,0.45,96
2025/1/18,wk inc covid hosp,2,2025/2/1,29,quantile,0.5,118
2025/1/18,wk inc covid hosp,2,2025/2/1,29,quantile,0.55,140
2025/1/18,wk inc covid hosp,2,2025/2/1,29,quantile,0.6,164
2025/1/18,wk inc covid hosp,2,2025/2/1,29,quantile,0.65,190
2025/1/18,wk inc covid hosp,2,2025/2/1,29,quantile,0.7,220
2025/1/18,wk inc covid hosp,2,2025/2/1,29,quantile,0.75,254
2025/1/18,wk inc covid hosp,2,2025/2/1,29,quantile,0.8,294
2025/1/18,wk inc covid hosp,2,2025/2/1,29,quantile,0.85,346
2025/1/18,wk inc covid hosp,2,2025/2/1,29,quantile,0.9,418
2025/1/18,wk inc covid hosp,2,2025/2/1,29,quantile,0.95,542
2025/1/18,wk inc covid hosp,2,2025/2/1,29,quantile,0.975,668
2025/1/18,wk inc covid hosp,2,2025/2/1,29,quantile,0.99,840
2025/1/18,wk inc covid hosp,3,2025/2/8,29,quantile,0.01,0
2025/1/18,wk inc covid hosp,3,2025/2/8,29,quantile,0.025,0
2025/1/18,wk inc covid hosp,3,2025/2/8,29,quantile,0.05,0
2025/1/18,wk inc covid hosp,3,2025/2/8,29,quantile,0.1,0
2025/1/18,wk inc covid hosp,3,2025/2/8,29,quantile,0.15,0
2025/1/18,wk inc covid hosp,3,2025/2/8,29,quantile,0.2,0
2025/1/18,wk inc covid hosp,3,2025/2/8,29,quantile,0.25,14
2025/1/18,wk inc covid hosp,3,2025/2/8,29,quantile,0.3,38
2025/1/18,wk inc covid hosp,3,2025/2/8,29,quantile,0.35,62
2025/1/18,wk inc covid hosp,3,2025/2/8,29,quantile,0.4,86
2025/1/18,wk inc covid hosp,3,2025/2/8,29,quantile,0.45,110
2025/1/18,wk inc covid hosp,3,2025/2/8,29,quantile,0.5,136
2025/1/18,wk inc covid hosp,3,2025/2/8,29,quantile,0.55,166
2025/1/18,wk inc covid hosp,3,2025/2/8,29,quantile,0.6,196
2025/1/18,wk inc covid hosp,3,2025/2/8,29,quantile,0.65,230
2025/1/18,wk inc covid hosp,3,2025/2/8,29,quantile,0.7,268
2025/1/18,wk inc covid hosp,3,2025/2/8,29,quantile,0.75,314
2025/1/18,wk inc covid hosp,3,2025/2/8,29,quantile,0.8,370
2025/1/18,wk inc covid hosp,3,2025/2/8,29,quantile,0.85,440
2025/1/18,wk inc covid hosp,3,2025/2/8,29,quantile,0.9,540
2025/1/18,wk inc covid hosp,3,2025/2/8,29,quantile,0.95,716
2025/1/18,wk inc covid hosp,3,2025/2/8,29,quantile,0.975,900
2025/1/18,wk inc covid hosp,3,2025/2/8,29,quantile,0.99,1158
2025/1/18,wk inc covid hosp,0,2025/1/18,38,quantile,0.01,0
2025/1/18,wk inc covid hosp,0,2025/1/18,38,quantile,0.025,0
2025/1/18,wk inc covid hosp,0,2025/1/18,38,quantile,0.05,0
2025/1/18,wk inc covid hosp,0,2025/1/18,38,quantile,0.1,4
2025/1/18,wk inc covid hosp,0,2025/1/18,38,quantile,0.15,10
2025/1/18,wk inc covid hosp,0,2025/1/18,38,quantile,0.2,16
2025/1/18,wk inc covid hosp,0,2025/1/18,38,quantile,0.25,20
2025/1/18,wk inc covid hosp,0,2025/1/18,38,quantile,0.3,24
2025/1/18,wk inc covid hosp,0,2025/1/18,38,quantile,0.35,28
2025/1/18,wk inc covid hosp,0,2025/1/18,38,quantile,0.4,32
2025/1/18,wk inc covid hosp,0,2025/1/18,38,quantile,0.45,36
2025/1/18,wk inc covid hosp,0,2025/1/18,38,quantile,0.5,40
2025/1/18,wk inc covid hosp,0,2025/1/18,38,quantile,0.55,44
2025/1/18,wk inc covid hosp,0,2025/1/18,38,quantile,0.6,48
2025/1/18,wk inc covid hosp,0,2025/1/18,38,quantile,0.65,54
2025/1/18,wk inc covid hosp,0,2025/1/18,38,quantile,0.7,60
2025/1/18,wk inc covid hosp,0,2025/1/18,38,quantile,0.75,66
2025/1/18,wk inc covid hosp,0,2025/1/18,38,quantile,0.8,74
2025/1/18,wk inc covid hosp,0,2025/1/18,38,quantile,0.85,82
2025/1/18,wk inc covid hosp,0,2025/1/18,38,quantile,0.9,94
2025/1/18,wk inc covid hosp,0,2025/1/18,38,quantile,0.95,116
2025/1/18,wk inc covid hosp,0,2025/1/18,38,quantile,0.975,136
2025/1/18,wk inc covid hosp,0,2025/1/18,38,quantile,0.99,162
2025/1/18,wk inc covid hosp,1,2025/1/25,38,quantile,0.01,0
2025/1/18,wk inc covid hosp,1,2025/1/25,38,quantile,0.025,0
2025/1/18,wk inc covid hosp,1,2025/1/25,38,quantile,0.05,0
2025/1/18,wk inc covid hosp,1,2025/1/25,38,quantile,0.1,0
2025/1/18,wk inc covid hosp,1,2025/1/25,38,quantile,0.15,2
2025/1/18,wk inc covid hosp,1,2025/1/25,38,quantile,0.2,8
2025/1/18,wk inc covid hosp,1,2025/1/25,38,quantile,0.25,14
2025/1/18,wk inc covid hosp,1,2025/1/25,38,quantile,0.3,20
2025/1/18,wk inc covid hosp,1,2025/1/25,38,quantile,0.35,24
2025/1/18,wk inc covid hosp,1,2025/1/25,38,quantile,0.4,30
2025/1/18,wk inc covid hosp,1,2025/1/25,38,quantile,0.45,36
2025/1/18,wk inc covid hosp,1,2025/1/25,38,quantile,0.5,42
2025/1/18,wk inc covid hosp,1,2025/1/25,38,quantile,0.55,48
2025/1/18,wk inc covid hosp,1,2025/1/25,38,quantile,0.6,56
2025/1/18,wk inc covid hosp,1,2025/1/25,38,quantile,0.65,64
2025/1/18,wk inc covid hosp,1,2025/1/25,38,quantile,0.7,72
2025/1/18,wk inc covid hosp,1,2025/1/25,38,quantile,0.75,82
2025/1/18,wk inc covid hosp,1,2025/1/25,38,quantile,0.8,96
2025/1/18,wk inc covid hosp,1,2025/1/25,38,quantile,0.85,110
2025/1/18,wk inc covid hosp,1,2025/1/25,38,quantile,0.9,132
2025/1/18,wk inc covid hosp,1,2025/1/25,38,quantile,0.95,172
2025/1/18,wk inc covid hosp,1,2025/1/25,38,quantile,0.975,210
2025/1/18,wk inc covid hosp,1,2025/1/25,38,quantile,0.99,264
2025/1/18,wk inc covid hosp,2,2025/2/1,38,quantile,0.01,0
2025/1/18,wk inc covid hosp,2,2025/2/1,38,quantile,0.025,0
2025/1/18,wk inc covid hosp,2,2025/2/1,38,quantile,0.05,0
2025/1/18,wk inc covid hosp,2,2025/2/1,38,quantile,0.1,0
2025/1/18,wk inc covid hosp,2,2025/2/1,38,quantile,0.15,0
2025/1/18,wk inc covid hosp,2,2025/2/1,38,quantile,0.2,2
2025/1/18,wk inc covid hosp,2,2025/2/1,38,quantile,0.25,10
2025/1/18,wk inc covid hosp,2,2025/2/1,38,quantile,0.3,16
2025/1/18,wk inc covid hosp,2,2025/2/1,38,quantile,0.35,22
2025/1/18,wk inc covid hosp,2,2025/2/1,38,quantile,0.4,30
2025/1/18,wk inc covid hosp,2,2025/2/1,38,quantile,0.45,38
2025/1/18,wk inc covid hosp,2,2025/2/1,38,quantile,0.5,46
2025/1/18,wk inc covid hosp,2,2025/2/1,38,quantile,0.55,54
2025/1/18,wk inc covid hosp,2,2025/2/1,38,quantile,0.6,64
2025/1/18,wk inc covid hosp,2,2025/2/1,38,quantile,0.65,74
2025/1/18,wk inc covid hosp,2,2025/2/1,38,quantile,0.7,86
2025/1/18,wk inc covid hosp,2,2025/2/1,38,quantile,0.75,100
2025/1/18,wk inc covid hosp,2,2025/2/1,38,quantile,0.8,118
2025/1/18,wk inc covid hosp,2,2025/2/1,38,quantile,0.85,142
2025/1/18,wk inc covid hosp,2,2025/2/1,38,quantile,0.9,174
2025/1/18,wk inc covid hosp,2,2025/2/1,38,quantile,0.95,234
2025/1/18,wk inc covid hosp,2,2025/2/1,38,quantile,0.975,296
2025/1/18,wk inc covid hosp,2,2025/2/1,38,quantile,0.99,388
2025/1/18,wk inc covid hosp,3,2025/2/8,38,quantile,0.01,0
2025/1/18,wk inc covid hosp,3,2025/2/8,38,quantile,0.025,0
2025/1/18,wk inc covid hosp,3,2025/2/8,38,quantile,0.05,0
2025/1/18,wk inc covid hosp,3,2025/2/8,38,quantile,0.1,0
2025/1/18,wk inc covid hosp,3,2025/2/8,38,quantile,0.15,0
2025/1/18,wk inc covid hosp,3,2025/2/8,38,quantile,0.2,0
2025/1/18,wk inc covid hosp,3,2025/2/8,38,quantile,0.25,5
2025/1/18,wk inc covid hosp,3,2025/2/8,38,quantile,0.3,13
2025/1/18,wk inc covid hosp,3,2025/2/8,38,quantile,0.35,23
2025/1/18,wk inc covid hosp,3,2025/2/8,38,quantile,0.4,31
2025/1/18,wk inc covid hosp,3,2025/2/8,38,quantile,0.45,39
2025/1/18,wk inc covid hosp,3,2025/2/8,38,quantile,0.5,49
2025/1/18,wk inc covid hosp,3,2025/2/8,38,quantile,0.55,61
2025/1/18,wk inc covid hosp,3,2025/2/8,38,quantile,0.6,71
2025/1/18,wk inc covid hosp,3,2025/2/8,38,quantile,0.65,85
2025/1/18,wk inc covid hosp,3,2025/2/8,38,quantile,0.7,101
2025/1/18,wk inc covid hosp,3,2025/2/8,38,quantile,0.75,119
2025/1/18,wk inc covid hosp,3,2025/2/8,38,quantile,0.8,143
2025/1/18,wk inc covid hosp,3,2025/2/8,38,quantile,0.85,173
2025/1/18,wk inc covid hosp,3,2025/2/8,38,quantile,0.9,219
2025/1/18,wk inc covid hosp,3,2025/2/8,38,quantile,0.95,303
2025/1/18,wk inc covid hosp,3,2025/2/8,38,quantile,0.975,395
2025/1/18,wk inc covid hosp,3,2025/2/8,38,quantile,0.99,531
2025/1/18,wk inc covid hosp,0,2025/1/18,39,quantile,0.01,0
2025/1/18,wk inc covid hosp,0,2025/1/18,39,quantile,0.025,12
2025/1/18,wk inc covid hosp,0,2025/1/18,39,quantile,0.05,100
2025/1/18,wk inc covid hosp,0,2025/1/18,39,quantile,0.1,212
2025/1/18,wk inc covid hosp,0,2025/1/18,39,quantile,0.15,294
2025/1/18,wk inc covid hosp,0,2025/1/18,39,quantile,0.2,364
2025/1/18,wk inc covid hosp,0,2025/1/18,39,quantile,0.25,426
2025/1/18,wk inc covid hosp,0,2025/1/18,39,quantile,0.3,484
2025/1/18,wk inc covid hosp,0,2025/1/18,39,quantile,0.35,542
2025/1/18,wk inc covid hosp,0,2025/1/18,39,quantile,0.4,598
2025/1/18,wk inc covid hosp,0,2025/1/18,39,quantile,0.45,654
2025/1/18,wk inc covid hosp,0,2025/1/18,39,quantile,0.5,710
2025/1/18,wk inc covid hosp,0,2025/1/18,39,quantile,0.55,770
2025/1/18,wk inc covid hosp,0,2025/1/18,39,quantile,0.6,832
2025/1/18,wk inc covid hosp,0,2025/1/18,39,quantile,0.65,900
2025/1/18,wk inc covid hosp,0,2025/1/18,39,quantile,0.7,972
2025/1/18,wk inc covid hosp,0,2025/1/18,39,quantile,0.75,1054
2025/1/18,wk inc covid hosp,0,2025/1/18,39,quantile,0.8,1150
2025/1/18,wk inc covid hosp,0,2025/1/18,39,quantile,0.85,1268
2025/1/18,wk inc covid hosp,0,2025/1/18,39,quantile,0.9,1426
2025/1/18,wk inc covid hosp,0,2025/1/18,39,quantile,0.95,1678
2025/1/18,wk inc covid hosp,0,2025/1/18,39,quantile,0.975,1920
2025/1/18,wk inc covid hosp,0,2025/1/18,39,quantile,0.99,2230
2025/1/18,wk inc covid hosp,1,2025/1/25,39,quantile,0.01,0
2025/1/18,wk inc covid hosp,1,2025/1/25,39,quantile,0.025,0
2025/1/18,wk inc covid hosp,1,2025/1/25,39,quantile,0.05,0
2025/1/18,wk inc covid hosp,1,2025/1/25,39,quantile,0.1,41
2025/1/18,wk inc covid hosp,1,2025/1/25,39,quantile,0.15,135
2025/1/18,wk inc covid hosp,1,2025/1/25,39,quantile,0.2,217
2025/1/18,wk inc covid hosp,1,2025/1/25,39,quantile,0.25,293
2025/1/18,wk inc covid hosp,1,2025/1/25,39,quantile,0.3,365
2025/1/18,wk inc covid hosp,1,2025/1/25,39,quantile,0.35,437
2025/1/18,wk inc covid hosp,1,2025/1/25,39,quantile,0.4,509
2025/1/18,wk inc covid hosp,1,2025/1/25,39,quantile,0.45,581
2025/1/18,wk inc covid hosp,1,2025/1/25,39,quantile,0.5,657
2025/1/18,wk inc covid hosp,1,2025/1/25,39,quantile,0.55,735
2025/1/18,wk inc covid hosp,1,2025/1/25,39,quantile,0.6,819
2025/1/18,wk inc covid hosp,1,2025/1/25,39,quantile,0.65,911
2025/1/18,wk inc covid hosp,1,2025/1/25,39,quantile,0.7,1013
2025/1/18,wk inc covid hosp,1,2025/1/25,39,quantile,0.75,1129
2025/1/18,wk inc covid hosp,1,2025/1/25,39,quantile,0.8,1267
2025/1/18,wk inc covid hosp,1,2025/1/25,39,quantile,0.85,1441
2025/1/18,wk inc covid hosp,1,2025/1/25,39,quantile,0.9,1679
2025/1/18,wk inc covid hosp,1,2025/1/25,39,quantile,0.95,2075
2025/1/18,wk inc covid hosp,1,2025/1/25,39,quantile,0.975,2471
2025/1/18,wk inc covid hosp,1,2025/1/25,39,quantile,0.99,2995
2025/1/18,wk inc covid hosp,2,2025/2/1,39,quantile,0.01,0
2025/1/18,wk inc covid hosp,2,2025/2/1,39,quantile,0.025,0
2025/1/18,wk inc covid hosp,2,2025/2/1,39,quantile,0.05,0
2025/1/18,wk inc covid hosp,2,2025/2/1,39,quantile,0.1,0
2025/1/18,wk inc covid hosp,2,2025/2/1,39,quantile,0.15,42
2025/1/18,wk inc covid hosp,2,2025/2/1,39,quantile,0.2,132
2025/1/18,wk inc covid hosp,2,2025/2/1,39,quantile,0.25,216
2025/1/18,wk inc covid hosp,2,2025/2/1,39,quantile,0.3,298
2025/1/18,wk inc covid hosp,2,2025/2/1,39,quantile,0.35,380
2025/1/18,wk inc covid hosp,2,2025/2/1,39,quantile,0.4,462
2025/1/18,wk inc covid hosp,2,2025/2/1,39,quantile,0.45,548
2025/1/18,wk inc covid hosp,2,2025/2/1,39,quantile,0.5,636
2025/1/18,wk inc covid hosp,2,2025/2/1,39,quantile,0.55,730
2025/1/18,wk inc covid hosp,2,2025/2/1,39,quantile,0.6,834
2025/1/18,wk inc covid hosp,2,2025/2/1,39,quantile,0.65,946
2025/1/18,wk inc covid hosp,2,2025/2/1,39,quantile,0.7,1072
2025/1/18,wk inc covid hosp,2,2025/2/1,39,quantile,0.75,1220
2025/1/18,wk inc covid hosp,2,2025/2/1,39,quantile,0.8,1396
2025/1/18,wk inc covid hosp,2,2025/2/1,39,quantile,0.85,1620
2025/1/18,wk inc covid hosp,2,2025/2/1,39,quantile,0.9,1934
2025/1/18,wk inc covid hosp,2,2025/2/1,39,quantile,0.95,2474
2025/1/18,wk inc covid hosp,2,2025/2/1,39,quantile,0.975,3026
2025/1/18,wk inc covid hosp,2,2025/2/1,39,quantile,0.99,3784
2025/1/18,wk inc covid hosp,3,2025/2/8,39,quantile,0.01,0
2025/1/18,wk inc covid hosp,3,2025/2/8,39,quantile,0.025,0
2025/1/18,wk inc covid hosp,3,2025/2/8,39,quantile,0.05,0
2025/1/18,wk inc covid hosp,3,2025/2/8,39,quantile,0.1,0
2025/1/18,wk inc covid hosp,3,2025/2/8,39,quantile,0.15,0
2025/1/18,wk inc covid hosp,3,2025/2/8,39,quantile,0.2,68
2025/1/18,wk inc covid hosp,3,2025/2/8,39,quantile,0.25,160
2025/1/18,wk inc covid hosp,3,2025/2/8,39,quantile,0.3,250
2025/1/18,wk inc covid hosp,3,2025/2/8,39,quantile,0.35,340
2025/1/18,wk inc covid hosp,3,2025/2/8,39,quantile,0.4,432
2025/1/18,wk inc covid hosp,3,2025/2/8,39,quantile,0.45,528
2025/1/18,wk inc covid hosp,3,2025/2/8,39,quantile,0.5,628
2025/1/18,wk inc covid hosp,3,2025/2/8,39,quantile,0.55,738
2025/1/18,wk inc covid hosp,3,2025/2/8,39,quantile,0.6,856
2025/1/18,wk inc covid hosp,3,2025/2/8,39,quantile,0.65,988
2025/1/18,wk inc covid hosp,3,2025/2/8,39,quantile,0.7,1138
2025/1/18,wk inc covid hosp,3,2025/2/8,39,quantile,0.75,1312
2025/1/18,wk inc covid hosp,3,2025/2/8,39,quantile,0.8,1526
2025/1/18,wk inc covid hosp,3,2025/2/8,39,quantile,0.85,1800
2025/1/18,wk inc covid hosp,3,2025/2/8,39,quantile,0.9,2192
2025/1/18,wk inc covid hosp,3,2025/2/8,39,quantile,0.95,2882
2025/1/18,wk inc covid hosp,3,2025/2/8,39,quantile,0.975,3604
2025/1/18,wk inc covid hosp,3,2025/2/8,39,quantile,0.99,4620
2025/1/18,wk inc covid hosp,0,2025/1/18,40,quantile,0.01,0
2025/1/18,wk inc covid hosp,0,2025/1/18,40,quantile,0.025,0
2025/1/18,wk inc covid hosp,0,2025/1/18,40,quantile,0.05,0
2025/1/18,wk inc covid hosp,0,2025/1/18,40,quantile,0.1,22
2025/1/18,wk inc covid hosp,0,2025/1/18,40,quantile,0.15,40
2025/1/18,wk inc covid hosp,0,2025/1/18,40,quantile,0.2,58
2025/1/18,wk inc covid hosp,0,2025/1/18,40,quantile,0.25,72
2025/1/18,wk inc covid hosp,0,2025/1/18,40,quantile,0.3,88
2025/1/18,wk inc covid hosp,0,2025/1/18,40,quantile,0.35,102
2025/1/18,wk inc covid hosp,0,2025/1/18,40,quantile,0.4,114
2025/1/18,wk inc covid hosp,0,2025/1/18,40,quantile,0.45,128
2025/1/18,wk inc covid hosp,0,2025/1/18,40,quantile,0.5,144
2025/1/18,wk inc covid hosp,0,2025/1/18,40,quantile,0.55,158
2025/1/18,wk inc covid hosp,0,2025/1/18,40,quantile,0.6,174
2025/1/18,wk inc covid hosp,0,2025/1/18,40,quantile,0.65,190
2025/1/18,wk inc covid hosp,0,2025/1/18,40,quantile,0.7,208
2025/1/18,wk inc covid hosp,0,2025/1/18,40,quantile,0.75,230
2025/1/18,wk inc covid hosp,0,2025/1/18,40,quantile,0.8,254
2025/1/18,wk inc covid hosp,0,2025/1/18,40,quantile,0.85,284
2025/1/18,wk inc covid hosp,0,2025/1/18,40,quantile,0.9,326
2025/1/18,wk inc covid hosp,0,2025/1/18,40,quantile,0.95,392
2025/1/18,wk inc covid hosp,0,2025/1/18,40,quantile,0.975,456
2025/1/18,wk inc covid hosp,0,2025/1/18,40,quantile,0.99,540
2025/1/18,wk inc covid hosp,1,2025/1/25,40,quantile,0.01,0
2025/1/18,wk inc covid hosp,1,2025/1/25,40,quantile,0.025,0
2025/1/18,wk inc covid hosp,1,2025/1/25,40,quantile,0.05,0
2025/1/18,wk inc covid hosp,1,2025/1/25,40,quantile,0.1,0
2025/1/18,wk inc covid hosp,1,2025/1/25,40,quantile,0.15,9
2025/1/18,wk inc covid hosp,1,2025/1/25,40,quantile,0.2,29
2025/1/18,wk inc covid hosp,1,2025/1/25,40,quantile,0.25,49
2025/1/18,wk inc covid hosp,1,2025/1/25,40,quantile,0.3,69
2025/1/18,wk inc covid hosp,1,2025/1/25,40,quantile,0.35,87
2025/1/18,wk inc covid hosp,1,2025/1/25,40,quantile,0.4,105
2025/1/18,wk inc covid hosp,1,2025/1/25,40,quantile,0.45,125
2025/1/18,wk inc covid hosp,1,2025/1/25,40,quantile,0.5,145
2025/1/18,wk inc covid hosp,1,2025/1/25,40,quantile,0.55,167
2025/1/18,wk inc covid hosp,1,2025/1/25,40,quantile,0.6,189
2025/1/18,wk inc covid hosp,1,2025/1/25,40,quantile,0.65,215
2025/1/18,wk inc covid hosp,1,2025/1/25,40,quantile,0.7,243
2025/1/18,wk inc covid hosp,1,2025/1/25,40,quantile,0.75,275
2025/1/18,wk inc covid hosp,1,2025/1/25,40,quantile,0.8,313
2025/1/18,wk inc covid hosp,1,2025/1/25,40,quantile,0.85,363
2025/1/18,wk inc covid hosp,1,2025/1/25,40,quantile,0.9,429
2025/1/18,wk inc covid hosp,1,2025/1/25,40,quantile,0.95,545
2025/1/18,wk inc covid hosp,1,2025/1/25,40,quantile,0.975,661
2025/1/18,wk inc covid hosp,1,2025/1/25,40,quantile,0.99,817
2025/1/18,wk inc covid hosp,2,2025/2/1,40,quantile,0.01,0
2025/1/18,wk inc covid hosp,2,2025/2/1,40,quantile,0.025,0
2025/1/18,wk inc covid hosp,2,2025/2/1,40,quantile,0.05,0
2025/1/18,wk inc covid hosp,2,2025/2/1,40,quantile,0.1,0
2025/1/18,wk inc covid hosp,2,2025/2/1,40,quantile,0.15,0
2025/1/18,wk inc covid hosp,2,2025/2/1,40,quantile,0.2,9
2025/1/18,wk inc covid hosp,2,2025/2/1,40,quantile,0.25,31
2025/1/18,wk inc covid hosp,2,2025/2/1,40,quantile,0.3,53
2025/1/18,wk inc covid hosp,2,2025/2/1,40,quantile,0.35,75
2025/1/18,wk inc covid hosp,2,2025/2/1,40,quantile,0.4,97
2025/1/18,wk inc covid hosp,2,2025/2/1,40,quantile,0.45,121
2025/1/18,wk inc covid hosp,2,2025/2/1,40,quantile,0.5,147
2025/1/18,wk inc covid hosp,2,2025/2/1,40,quantile,0.55,173
2025/1/18,wk inc covid hosp,2,2025/2/1,40,quantile,0.6,201
2025/1/18,wk inc covid hosp,2,2025/2/1,40,quantile,0.65,233
2025/1/18,wk inc covid hosp,2,2025/2/1,40,quantile,0.7,269
2025/1/18,wk inc covid hosp,2,2025/2/1,40,quantile,0.75,313
2025/1/18,wk inc covid hosp,2,2025/2/1,40,quantile,0.8,363
2025/1/18,wk inc covid hosp,2,2025/2/1,40,quantile,0.85,429
2025/1/18,wk inc covid hosp,2,2025/2/1,40,quantile,0.9,523
2025/1/18,wk inc covid hosp,2,2025/2/1,40,quantile,0.95,687
2025/1/18,wk inc covid hosp,2,2025/2/1,40,quantile,0.975,859
2025/1/18,wk inc covid hosp,2,2025/2/1,40,quantile,0.99,1099
2025/1/18,wk inc covid hosp,3,2025/2/8,40,quantile,0.01,0
2025/1/18,wk inc covid hosp,3,2025/2/8,40,quantile,0.025,0
2025/1/18,wk inc covid hosp,3,2025/2/8,40,quantile,0.05,0
2025/1/18,wk inc covid hosp,3,2025/2/8,40,quantile,0.1,0
2025/1/18,wk inc covid hosp,3,2025/2/8,40,quantile,0.15,0
2025/1/18,wk inc covid hosp,3,2025/2/8,40,quantile,0.2,0
2025/1/18,wk inc covid hosp,3,2025/2/8,40,quantile,0.25,18
2025/1/18,wk inc covid hosp,3,2025/2/8,40,quantile,0.3,42
2025/1/18,wk inc covid hosp,3,2025/2/8,40,quantile,0.35,68
2025/1/18,wk inc covid hosp,3,2025/2/8,40,quantile,0.4,92
2025/1/18,wk inc covid hosp,3,2025/2/8,40,quantile,0.45,120
2025/1/18,wk inc covid hosp,3,2025/2/8,40,quantile,0.5,148
2025/1/18,wk inc covid hosp,3,2025/2/8,40,quantile,0.55,180
2025/1/18,wk inc covid hosp,3,2025/2/8,40,quantile,0.6,214
2025/1/18,wk inc covid hosp,3,2025/2/8,40,quantile,0.65,252
2025/1/18,wk inc covid hosp,3,2025/2/8,40,quantile,0.7,296
2025/1/18,wk inc covid hosp,3,2025/2/8,40,quantile,0.75,348
2025/1/18,wk inc covid hosp,3,2025/2/8,40,quantile,0.8,412
2025/1/18,wk inc covid hosp,3,2025/2/8,40,quantile,0.85,494
2025/1/18,wk inc covid hosp,3,2025/2/8,40,quantile,0.9,616
2025/1/18,wk inc covid hosp,3,2025/2/8,40,quantile,0.95,832
2025/1/18,wk inc covid hosp,3,2025/2/8,40,quantile,0.975,1064
2025/1/18,wk inc covid hosp,3,2025/2/8,40,quantile,0.99,1400
2025/1/18,wk inc covid hosp,0,2025/1/18,42,quantile,0.01,0
2025/1/18,wk inc covid hosp,0,2025/1/18,42,quantile,0.025,62
2025/1/18,wk inc covid hosp,0,2025/1/18,42,quantile,0.05,218
2025/1/18,wk inc covid hosp,0,2025/1/18,42,quantile,0.1,418
2025/1/18,wk inc covid hosp,0,2025/1/18,42,quantile,0.15,564
2025/1/18,wk inc covid hosp,0,2025/1/18,42,quantile,0.2,690
2025/1/18,wk inc covid hosp,0,2025/1/18,42,quantile,0.25,802
2025/1/18,wk inc covid hosp,0,2025/1/18,42,quantile,0.3,908
2025/1/18,wk inc covid hosp,0,2025/1/18,42,quantile,0.35,1010
2025/1/18,wk inc covid hosp,0,2025/1/18,42,quantile,0.4,1112
2025/1/18,wk inc covid hosp,0,2025/1/18,42,quantile,0.45,1212
2025/1/18,wk inc covid hosp,0,2025/1/18,42,quantile,0.5,1316
2025/1/18,wk inc covid hosp,0,2025/1/18,42,quantile,0.55,1424
2025/1/18,wk inc covid hosp,0,2025/1/18,42,quantile,0.6,1538
2025/1/18,wk inc covid hosp,0,2025/1/18,42,quantile,0.65,1660
2025/1/18,wk inc covid hosp,0,2025/1/18,42,quantile,0.7,1792
2025/1/18,wk inc covid hosp,0,2025/1/18,42,quantile,0.75,1942
2025/1/18,wk inc covid hosp,0,2025/1/18,42,quantile,0.8,2118
2025/1/18,wk inc covid hosp,0,2025/1/18,42,quantile,0.85,2332
2025/1/18,wk inc covid hosp,0,2025/1/18,42,quantile,0.9,2620
2025/1/18,wk inc covid hosp,0,2025/1/18,42,quantile,0.95,3088
2025/1/18,wk inc covid hosp,0,2025/1/18,42,quantile,0.975,3534
2025/1/18,wk inc covid hosp,0,2025/1/18,42,quantile,0.99,4108
2025/1/18,wk inc covid hosp,1,2025/1/25,42,quantile,0.01,0
2025/1/18,wk inc covid hosp,1,2025/1/25,42,quantile,0.025,0
2025/1/18,wk inc covid hosp,1,2025/1/25,42,quantile,0.05,0
2025/1/18,wk inc covid hosp,1,2025/1/25,42,quantile,0.1,120
2025/1/18,wk inc covid hosp,1,2025/1/25,42,quantile,0.15,290
2025/1/18,wk inc covid hosp,1,2025/1/25,42,quantile,0.2,440
2025/1/18,wk inc covid hosp,1,2025/1/25,42,quantile,0.25,578
2025/1/18,wk inc covid hosp,1,2025/1/25,42,quantile,0.3,710
2025/1/18,wk inc covid hosp,1,2025/1/25,42,quantile,0.35,842
2025/1/18,wk inc covid hosp,1,2025/1/25,42,quantile,0.4,972
2025/1/18,wk inc covid hosp,1,2025/1/25,42,quantile,0.45,1104
2025/1/18,wk inc covid hosp,1,2025/1/25,42,quantile,0.5,1244
2025/1/18,wk inc covid hosp,1,2025/1/25,42,quantile,0.55,1388
2025/1/18,wk inc covid hosp,1,2025/1/25,42,quantile,0.6,1544
2025/1/18,wk inc covid hosp,1,2025/1/25,42,quantile,0.65,1714
2025/1/18,wk inc covid hosp,1,2025/1/25,42,quantile,0.7,1904
2025/1/18,wk inc covid hosp,1,2025/1/25,42,quantile,0.75,2120
2025/1/18,wk inc covid hosp,1,2025/1/25,42,quantile,0.8,2378
2025/1/18,wk inc covid hosp,1,2025/1/25,42,quantile,0.85,2700
2025/1/18,wk inc covid hosp,1,2025/1/25,42,quantile,0.9,3146
2025/1/18,wk inc covid hosp,1,2025/1/25,42,quantile,0.95,3894
2025/1/18,wk inc covid hosp,1,2025/1/25,42,quantile,0.975,4640
2025/1/18,wk inc covid hosp,1,2025/1/25,42,quantile,0.99,5638
2025/1/18,wk inc covid hosp,2,2025/2/1,42,quantile,0.01,0
2025/1/18,wk inc covid hosp,2,2025/2/1,42,quantile,0.025,0
2025/1/18,wk inc covid hosp,2,2025/2/1,42,quantile,0.05,0
2025/1/18,wk inc covid hosp,2,2025/2/1,42,quantile,0.1,0
2025/1/18,wk inc covid hosp,2,2025/2/1,42,quantile,0.15,126
2025/1/18,wk inc covid hosp,2,2025/2/1,42,quantile,0.2,294
2025/1/18,wk inc covid hosp,2,2025/2/1,42,quantile,0.25,452
2025/1/18,wk inc covid hosp,2,2025/2/1,42,quantile,0.3,604
2025/1/18,wk inc covid hosp,2,2025/2/1,42,quantile,0.35,756
2025/1/18,wk inc covid hosp,2,2025/2/1,42,quantile,0.4,910
2025/1/18,wk inc covid hosp,2,2025/2/1,42,quantile,0.45,1070
2025/1/18,wk inc covid hosp,2,2025/2/1,42,quantile,0.5,1238
2025/1/18,wk inc covid hosp,2,2025/2/1,42,quantile,0.55,1416
2025/1/18,wk inc covid hosp,2,2025/2/1,42,quantile,0.6,1610
2025/1/18,wk inc covid hosp,2,2025/2/1,42,quantile,0.65,1824
2025/1/18,wk inc covid hosp,2,2025/2/1,42,quantile,0.7,2064
2025/1/18,wk inc covid hosp,2,2025/2/1,42,quantile,0.75,2344
2025/1/18,wk inc covid hosp,2,2025/2/1,42,quantile,0.8,2680
2025/1/18,wk inc covid hosp,2,2025/2/1,42,quantile,0.85,3110
2025/1/18,wk inc covid hosp,2,2025/2/1,42,quantile,0.9,3716
2025/1/18,wk inc covid hosp,2,2025/2/1,42,quantile,0.95,4760
2025/1/18,wk inc covid hosp,2,2025/2/1,42,quantile,0.975,5836
2025/1/18,wk inc covid hosp,2,2025/2/1,42,quantile,0.99,7320
2025/1/18,wk inc covid hosp,3,2025/2/8,42,quantile,0.01,0
2025/1/18,wk inc covid hosp,3,2025/2/8,42,quantile,0.025,0
2025/1/18,wk inc covid hosp,3,2025/2/8,42,quantile,0.05,0
2025/1/18,wk inc covid hosp,3,2025/2/8,42,quantile,0.1,0
2025/1/18,wk inc covid hosp,3,2025/2/8,42,quantile,0.15,6
2025/1/18,wk inc covid hosp,3,2025/2/8,42,quantile,0.2,192
2025/1/18,wk inc covid hosp,3,2025/2/8,42,quantile,0.25,368
2025/1/18,wk inc covid hosp,3,2025/2/8,42,quantile,0.3,542
2025/1/18,wk inc covid hosp,3,2025/2/8,42,quantile,0.35,718
2025/1/18,wk inc covid hosp,3,2025/2/8,42,quantile,0.4,898
2025/1/18,wk inc covid hosp,3,2025/2/8,42,quantile,0.45,1086
2025/1/18,wk inc covid hosp,3,2025/2/8,42,quantile,0.5,1284
2025/1/18,wk inc covid hosp,3,2025/2/8,42,quantile,0.55,1498
2025/1/18,wk inc covid hosp,3,2025/2/8,42,quantile,0.6,1734
2025/1/18,wk inc covid hosp,3,2025/2/8,42,quantile,0.65,1994
2025/1/18,wk inc covid hosp,3,2025/2/8,42,quantile,0.7,2292
2025/1/18,wk inc covid hosp,3,2025/2/8,42,quantile,0.75,2642
2025/1/18,wk inc covid hosp,3,2025/2/8,42,quantile,0.8,3068
2025/1/18,wk inc covid hosp,3,2025/2/8,42,quantile,0.85,3620
2025/1/18,wk inc covid hosp,3,2025/2/8,42,quantile,0.9,4410
2025/1/18,wk inc covid hosp,3,2025/2/8,42,quantile,0.95,5810
2025/1/18,wk inc covid hosp,3,2025/2/8,42,quantile,0.975,7286
2025/1/18,wk inc covid hosp,3,2025/2/8,42,quantile,0.99,9382
2025/1/18,wk inc covid hosp,0,2025/1/18,46,quantile,0.01,0
2025/1/18,wk inc covid hosp,0,2025/1/18,46,quantile,0.025,0
2025/1/18,wk inc covid hosp,0,2025/1/18,46,quantile,0.05,0
2025/1/18,wk inc covid hosp,0,2025/1/18,46,quantile,0.1,4
2025/1/18,wk inc covid hosp,0,2025/1/18,46,quantile,0.15,10
2025/1/18,wk inc covid hosp,0,2025/1/18,46,quantile,0.2,16
2025/1/18,wk inc covid hosp,0,2025/1/18,46,quantile,0.25,20
2025/1/18,wk inc covid hosp,0,2025/1/18,46,quantile,0.3,24
2025/1/18,wk inc covid hosp,0,2025/1/18,46,quantile,0.35,28
2025/1/18,wk inc covid hosp,0,2025/1/18,46,quantile,0.4,34
2025/1/18,wk inc covid hosp,0,2025/1/18,46,quantile,0.45,38
2025/1/18,wk inc covid hosp,0,2025/1/18,46,quantile,0.5,42
2025/1/18,wk inc covid hosp,0,2025/1/18,46,quantile,0.55,46
2025/1/18,wk inc covid hosp,0,2025/1/18,46,quantile,0.6,52
2025/1/18,wk inc covid hosp,0,2025/1/18,46,quantile,0.65,56
2025/1/18,wk inc covid hosp,0,2025/1/18,46,quantile,0.7,62
2025/1/18,wk inc covid hosp,0,2025/1/18,46,quantile,0.75,70
2025/1/18,wk inc covid hosp,0,2025/1/18,46,quantile,0.8,78
2025/1/18,wk inc covid hosp,0,2025/1/18,46,quantile,0.85,88
2025/1/18,wk inc covid hosp,0,2025/1/18,46,quantile,0.9,100
2025/1/18,wk inc covid hosp,0,2025/1/18,46,quantile,0.95,122
2025/1/18,wk inc covid hosp,0,2025/1/18,46,quantile,0.975,144
2025/1/18,wk inc covid hosp,0,2025/1/18,46,quantile,0.99,172
2025/1/18,wk inc covid hosp,1,2025/1/25,46,quantile,0.01,0
2025/1/18,wk inc covid hosp,1,2025/1/25,46,quantile,0.025,0
2025/1/18,wk inc covid hosp,1,2025/1/25,46,quantile,0.05,0
2025/1/18,wk inc covid hosp,1,2025/1/25,46,quantile,0.1,0
2025/1/18,wk inc covid hosp,1,2025/1/25,46,quantile,0.15,0
2025/1/18,wk inc covid hosp,1,2025/1/25,46,quantile,0.2,6
2025/1/18,wk inc covid hosp,1,2025/1/25,46,quantile,0.25,12
2025/1/18,wk inc covid hosp,1,2025/1/25,46,quantile,0.3,18
2025/1/18,wk inc covid hosp,1,2025/1/25,46,quantile,0.35,24
2025/1/18,wk inc covid hosp,1,2025/1/25,46,quantile,0.4,30
2025/1/18,wk inc covid hosp,1,2025/1/25,46,quantile,0.45,36
2025/1/18,wk inc covid hosp,1,2025/1/25,46,quantile,0.5,42
2025/1/18,wk inc covid hosp,1,2025/1/25,46,quantile,0.55,48
2025/1/18,wk inc covid hosp,1,2025/1/25,46,quantile,0.6,56
2025/1/18,wk inc covid hosp,1,2025/1/25,46,quantile,0.65,64
2025/1/18,wk inc covid hosp,1,2025/1/25,46,quantile,0.7,72
2025/1/18,wk inc covid hosp,1,2025/1/25,46,quantile,0.75,84
2025/1/18,wk inc covid hosp,1,2025/1/25,46,quantile,0.8,96
2025/1/18,wk inc covid hosp,1,2025/1/25,46,quantile,0.85,112
2025/1/18,wk inc covid hosp,1,2025/1/25,46,quantile,0.9,134
2025/1/18,wk inc covid hosp,1,2025/1/25,46,quantile,0.95,172
2025/1/18,wk inc covid hosp,1,2025/1/25,46,quantile,0.975,212
2025/1/18,wk inc covid hosp,1,2025/1/25,46,quantile,0.99,268
2025/1/18,wk inc covid hosp,2,2025/2/1,46,quantile,0.01,0
2025/1/18,wk inc covid hosp,2,2025/2/1,46,quantile,0.025,0
2025/1/18,wk inc covid hosp,2,2025/2/1,46,quantile,0.05,0
2025/1/18,wk inc covid hosp,2,2025/2/1,46,quantile,0.1,0
2025/1/18,wk inc covid hosp,2,2025/2/1,46,quantile,0.15,0
2025/1/18,wk inc covid hosp,2,2025/2/1,46,quantile,0.2,0
2025/1/18,wk inc covid hosp,2,2025/2/1,46,quantile,0.25,8
2025/1/18,wk inc covid hosp,2,2025/2/1,46,quantile,0.3,14
2025/1/18,wk inc covid hosp,2,2025/2/1,46,quantile,0.35,20
2025/1/18,wk inc covid hosp,2,2025/2/1,46,quantile,0.4,28
2025/1/18,wk inc covid hosp,2,2025/2/1,46,quantile,0.45,34
2025/1/18,wk inc covid hosp,2,2025/2/1,46,quantile,0.5,42
2025/1/18,wk inc covid hosp,2,2025/2/1,46,quantile,0.55,50
2025/1/18,wk inc covid hosp,2,2025/2/1,46,quantile,0.6,60
2025/1/18,wk inc covid hosp,2,2025/2/1,46,quantile,0.65,70
2025/1/18,wk inc covid hosp,2,2025/2/1,46,quantile,0.7,80
2025/1/18,wk inc covid hosp,2,2025/2/1,46,quantile,0.75,94
2025/1/18,wk inc covid hosp,2,2025/2/1,46,quantile,0.8,112
2025/1/18,wk inc covid hosp,2,2025/2/1,46,quantile,0.85,132
2025/1/18,wk inc covid hosp,2,2025/2/1,46,quantile,0.9,164
2025/1/18,wk inc covid hosp,2,2025/2/1,46,quantile,0.95,220
2025/1/18,wk inc covid hosp,2,2025/2/1,46,quantile,0.975,280
2025/1/18,wk inc covid hosp,2,2025/2/1,46,quantile,0.99,366
2025/1/18,wk inc covid hosp,3,2025/2/8,46,quantile,0.01,0
2025/1/18,wk inc covid hosp,3,2025/2/8,46,quantile,0.025,0
2025/1/18,wk inc covid hosp,3,2025/2/8,46,quantile,0.05,0
2025/1/18,wk inc covid hosp,3,2025/2/8,46,quantile,0.1,0
2025/1/18,wk inc covid hosp,3,2025/2/8,46,quantile,0.15,0
2025/1/18,wk inc covid hosp,3,2025/2/8,46,quantile,0.2,0
2025/1/18,wk inc covid hosp,3,2025/2/8,46,quantile,0.25,4
2025/1/18,wk inc covid hosp,3,2025/2/8,46,quantile,0.3,10
2025/1/18,wk inc covid hosp,3,2025/2/8,46,quantile,0.35,18
2025/1/18,wk inc covid hosp,3,2025/2/8,46,quantile,0.4,26
2025/1/18,wk inc covid hosp,3,2025/2/8,46,quantile,0.45,34
2025/1/18,wk inc covid hosp,3,2025/2/8,46,quantile,0.5,42
2025/1/18,wk inc covid hosp,3,2025/2/8,46,quantile,0.55,52
2025/1/18,wk inc covid hosp,3,2025/2/8,46,quantile,0.6,62
2025/1/18,wk inc covid hosp,3,2025/2/8,46,quantile,0.65,74
2025/1/18,wk inc covid hosp,3,2025/2/8,46,quantile,0.7,88
2025/1/18,wk inc covid hosp,3,2025/2/8,46,quantile,0.75,104
2025/1/18,wk inc covid hosp,3,2025/2/8,46,quantile,0.8,126
2025/1/18,wk inc covid hosp,3,2025/2/8,46,quantile,0.85,152
2025/1/18,wk inc covid hosp,3,2025/2/8,46,quantile,0.9,194
2025/1/18,wk inc covid hosp,3,2025/2/8,46,quantile,0.95,268
2025/1/18,wk inc covid hosp,3,2025/2/8,46,quantile,0.975,350
2025/1/18,wk inc covid hosp,3,2025/2/8,46,quantile,0.99,472
2025/1/18,wk inc covid hosp,0,2025/1/18,05,quantile,0.01,0
2025/1/18,wk inc covid hosp,0,2025/1/18,05,quantile,0.025,1
2025/1/18,wk inc covid hosp,0,2025/1/18,05,quantile,0.05,9
2025/1/18,wk inc covid hosp,0,2025/1/18,05,quantile,0.1,19
2025/1/18,wk inc covid hosp,0,2025/1/18,05,quantile,0.15,27
2025/1/18,wk inc covid hosp,0,2025/1/18,05,quantile,0.2,33
2025/1/18,wk inc covid hosp,0,2025/1/18,05,quantile,0.25,39
2025/1/18,wk inc covid hosp,0,2025/1/18,05,quantile,0.3,45
2025/1/18,wk inc covid hosp,0,2025/1/18,05,quantile,0.35,49
2025/1/18,wk inc covid hosp,0,2025/1/18,05,quantile,0.4,55
2025/1/18,wk inc covid hosp,0,2025/1/18,05,quantile,0.45,59
2025/1/18,wk inc covid hosp,0,2025/1/18,05,quantile,0.5,65
2025/1/18,wk inc covid hosp,0,2025/1/18,05,quantile,0.55,69
2025/1/18,wk inc covid hosp,0,2025/1/18,05,quantile,0.6,75
2025/1/18,wk inc covid hosp,0,2025/1/18,05,quantile,0.65,81
2025/1/18,wk inc covid hosp,0,2025/1/18,05,quantile,0.7,87
2025/1/18,wk inc covid hosp,0,2025/1/18,05,quantile,0.75,93
2025/1/18,wk inc covid hosp,0,2025/1/18,05,quantile,0.8,101
2025/1/18,wk inc covid hosp,0,2025/1/18,05,quantile,0.85,111
2025/1/18,wk inc covid hosp,0,2025/1/18,05,quantile,0.9,123
2025/1/18,wk inc covid hosp,0,2025/1/18,05,quantile,0.95,143
2025/1/18,wk inc covid hosp,0,2025/1/18,05,quantile,0.975,161
2025/1/18,wk inc covid hosp,0,2025/1/18,05,quantile,0.99,185
2025/1/18,wk inc covid hosp,1,2025/1/25,05,quantile,0.01,0
2025/1/18,wk inc covid hosp,1,2025/1/25,05,quantile,0.025,0
2025/1/18,wk inc covid hosp,1,2025/1/25,05,quantile,0.05,0
2025/1/18,wk inc covid hosp,1,2025/1/25,05,quantile,0.1,4
2025/1/18,wk inc covid hosp,1,2025/1/25,05,quantile,0.15,12
2025/1/18,wk inc covid hosp,1,2025/1/25,05,quantile,0.2,20
2025/1/18,wk inc covid hosp,1,2025/1/25,05,quantile,0.25,28
2025/1/18,wk inc covid hosp,1,2025/1/25,05,quantile,0.3,36
2025/1/18,wk inc covid hosp,1,2025/1/25,05,quantile,0.35,42
2025/1/18,wk inc covid hosp,1,2025/1/25,05,quantile,0.4,48
2025/1/18,wk inc covid hosp,1,2025/1/25,05,quantile,0.45,54
2025/1/18,wk inc covid hosp,1,2025/1/25,05,quantile,0.5,62
2025/1/18,wk inc covid hosp,1,2025/1/25,05,quantile,0.55,68
2025/1/18,wk inc covid hosp,1,2025/1/25,05,quantile,0.6,76
2025/1/18,wk inc covid hosp,1,2025/1/25,05,quantile,0.65,84
2025/1/18,wk inc covid hosp,1,2025/1/25,05,quantile,0.7,92
2025/1/18,wk inc covid hosp,1,2025/1/25,05,quantile,0.75,102
2025/1/18,wk inc covid hosp,1,2025/1/25,05,quantile,0.8,114
2025/1/18,wk inc covid hosp,1,2025/1/25,05,quantile,0.85,128
2025/1/18,wk inc covid hosp,1,2025/1/25,05,quantile,0.9,148
2025/1/18,wk inc covid hosp,1,2025/1/25,05,quantile,0.95,178
2025/1/18,wk inc covid hosp,1,2025/1/25,05,quantile,0.975,208
2025/1/18,wk inc covid hosp,1,2025/1/25,05,quantile,0.99,246
2025/1/18,wk inc covid hosp,2,2025/2/1,05,quantile,0.01,0
2025/1/18,wk inc covid hosp,2,2025/2/1,05,quantile,0.025,0
2025/1/18,wk inc covid hosp,2,2025/2/1,05,quantile,0.05,0
2025/1/18,wk inc covid hosp,2,2025/2/1,05,quantile,0.1,0
2025/1/18,wk inc covid hosp,2,2025/2/1,05,quantile,0.15,4
2025/1/18,wk inc covid hosp,2,2025/2/1,05,quantile,0.2,12
2025/1/18,wk inc covid hosp,2,2025/2/1,05,quantile,0.25,22
2025/1/18,wk inc covid hosp,2,2025/2/1,05,quantile,0.3,30
2025/1/18,wk inc covid hosp,2,2025/2/1,05,quantile,0.35,38
2025/1/18,wk inc covid hosp,2,2025/2/1,05,quantile,0.4,46
2025/1/18,wk inc covid hosp,2,2025/2/1,05,quantile,0.45,54
2025/1/18,wk inc covid hosp,2,2025/2/1,05,quantile,0.5,62
2025/1/18,wk inc covid hosp,2,2025/2/1,05,quantile,0.55,70
2025/1/18,wk inc covid hosp,2,2025/2/1,05,quantile,0.6,80
2025/1/18,wk inc covid hosp,2,2025/2/1,05,quantile,0.65,90
2025/1/18,wk inc covid hosp,2,2025/2/1,05,quantile,0.7,100
2025/1/18,wk inc covid hosp,2,2025/2/1,05,quantile,0.75,112
2025/1/18,wk inc covid hosp,2,2025/2/1,05,quantile,0.8,128
2025/1/18,wk inc covid hosp,2,2025/2/1,05,quantile,0.85,146
2025/1/18,wk inc covid hosp,2,2025/2/1,05,quantile,0.9,172
2025/1/18,wk inc covid hosp,2,2025/2/1,05,quantile,0.95,212
2025/1/18,wk inc covid hosp,2,2025/2/1,05,quantile,0.975,254
2025/1/18,wk inc covid hosp,2,2025/2/1,05,quantile,0.99,308
2025/1/18,wk inc covid hosp,3,2025/2/8,05,quantile,0.01,0
2025/1/18,wk inc covid hosp,3,2025/2/8,05,quantile,0.025,0
2025/1/18,wk inc covid hosp,3,2025/2/8,05,quantile,0.05,0
2025/1/18,wk inc covid hosp,3,2025/2/8,05,quantile,0.1,0
2025/1/18,wk inc covid hosp,3,2025/2/8,05,quantile,0.15,0
2025/1/18,wk inc covid hosp,3,2025/2/8,05,quantile,0.2,8
2025/1/18,wk inc covid hosp,3,2025/2/8,05,quantile,0.25,16
2025/1/18,wk inc covid hosp,3,2025/2/8,05,quantile,0.3,26
2025/1/18,wk inc covid hosp,3,2025/2/8,05,quantile,0.35,36
2025/1/18,wk inc covid hosp,3,2025/2/8,05,quantile,0.4,44
2025/1/18,wk inc covid hosp,3,2025/2/8,05,quantile,0.45,54
2025/1/18,wk inc covid hosp,3,2025/2/8,05,quantile,0.5,64
2025/1/18,wk inc covid hosp,3,2025/2/8,05,quantile,0.55,74
2025/1/18,wk inc covid hosp,3,2025/2/8,05,quantile,0.6,84
2025/1/18,wk inc covid hosp,3,2025/2/8,05,quantile,0.65,96
2025/1/18,wk inc covid hosp,3,2025/2/8,05,quantile,0.7,110
2025/1/18,wk inc covid hosp,3,2025/2/8,05,quantile,0.75,126
2025/1/18,wk inc covid hosp,3,2025/2/8,05,quantile,0.8,144
2025/1/18,wk inc covid hosp,3,2025/2/8,05,quantile,0.85,166
2025/1/18,wk inc covid hosp,3,2025/2/8,05,quantile,0.9,198
2025/1/18,wk inc covid hosp,3,2025/2/8,05,quantile,0.95,252
2025/1/18,wk inc covid hosp,3,2025/2/8,05,quantile,0.975,304
2025/1/18,wk inc covid hosp,3,2025/2/8,05,quantile,0.99,376
2025/1/18,wk inc covid hosp,0,2025/1/18,54,quantile,0.01,0
2025/1/18,wk inc covid hosp,0,2025/1/18,54,quantile,0.025,0
2025/1/18,wk inc covid hosp,0,2025/1/18,54,quantile,0.05,0
2025/1/18,wk inc covid hosp,0,2025/1/18,54,quantile,0.1,25
2025/1/18,wk inc covid hosp,0,2025/1/18,54,quantile,0.15,45
2025/1/18,wk inc covid hosp,0,2025/1/18,54,quantile,0.2,61
2025/1/18,wk inc covid hosp,0,2025/1/18,54,quantile,0.25,77
2025/1/18,wk inc covid hosp,0,2025/1/18,54,quantile,0.3,91
2025/1/18,wk inc covid hosp,0,2025/1/18,54,quantile,0.35,107
2025/1/18,wk inc covid hosp,0,2025/1/18,54,quantile,0.4,121
2025/1/18,wk inc covid hosp,0,2025/1/18,54,quantile,0.45,135
2025/1/18,wk inc covid hosp,0,2025/1/18,54,quantile,0.5,149
2025/1/18,wk inc covid hosp,0,2025/1/18,54,quantile,0.55,165
2025/1/18,wk inc covid hosp,0,2025/1/18,54,quantile,0.6,183
2025/1/18,wk inc covid hosp,0,2025/1/18,54,quantile,0.65,201
2025/1/18,wk inc covid hosp,0,2025/1/18,54,quantile,0.7,221
2025/1/18,wk inc covid hosp,0,2025/1/18,54,quantile,0.75,243
2025/1/18,wk inc covid hosp,0,2025/1/18,54,quantile,0.8,269
2025/1/18,wk inc covid hosp,0,2025/1/18,54,quantile,0.85,303
2025/1/18,wk inc covid hosp,0,2025/1/18,54,quantile,0.9,349
2025/1/18,wk inc covid hosp,0,2025/1/18,54,quantile,0.95,425
2025/1/18,wk inc covid hosp,0,2025/1/18,54,quantile,0.975,499
2025/1/18,wk inc covid hosp,0,2025/1/18,54,quantile,0.99,595
2025/1/18,wk inc covid hosp,1,2025/1/25,54,quantile,0.01,0
2025/1/18,wk inc covid hosp,1,2025/1/25,54,quantile,0.025,0
2025/1/18,wk inc covid hosp,1,2025/1/25,54,quantile,0.05,0
2025/1/18,wk inc covid hosp,1,2025/1/25,54,quantile,0.1,0
2025/1/18,wk inc covid hosp,1,2025/1/25,54,quantile,0.15,12
2025/1/18,wk inc covid hosp,1,2025/1/25,54,quantile,0.2,34
2025/1/18,wk inc covid hosp,1,2025/1/25,54,quantile,0.25,56
2025/1/18,wk inc covid hosp,1,2025/1/25,54,quantile,0.3,76
2025/1/18,wk inc covid hosp,1,2025/1/25,54,quantile,0.35,96
2025/1/18,wk inc covid hosp,1,2025/1/25,54,quantile,0.4,116
2025/1/18,wk inc covid hosp,1,2025/1/25,54,quantile,0.45,136
2025/1/18,wk inc covid hosp,1,2025/1/25,54,quantile,0.5,158
2025/1/18,wk inc covid hosp,1,2025/1/25,54,quantile,0.55,182
2025/1/18,wk inc covid hosp,1,2025/1/25,54,quantile,0.6,208
2025/1/18,wk inc covid hosp,1,2025/1/25,54,quantile,0.65,236
2025/1/18,wk inc covid hosp,1,2025/1/25,54,quantile,0.7,268
2025/1/18,wk inc covid hosp,1,2025/1/25,54,quantile,0.75,304
2025/1/18,wk inc covid hosp,1,2025/1/25,54,quantile,0.8,350
2025/1/18,wk inc covid hosp,1,2025/1/25,54,quantile,0.85,406
2025/1/18,wk inc covid hosp,1,2025/1/25,54,quantile,0.9,488
2025/1/18,wk inc covid hosp,1,2025/1/25,54,quantile,0.95,628
2025/1/18,wk inc covid hosp,1,2025/1/25,54,quantile,0.975,772
2025/1/18,wk inc covid hosp,1,2025/1/25,54,quantile,0.99,974
2025/1/18,wk inc covid hosp,2,2025/2/1,54,quantile,0.01,0
2025/1/18,wk inc covid hosp,2,2025/2/1,54,quantile,0.025,0
2025/1/18,wk inc covid hosp,2,2025/2/1,54,quantile,0.05,0
2025/1/18,wk inc covid hosp,2,2025/2/1,54,quantile,0.1,0
2025/1/18,wk inc covid hosp,2,2025/2/1,54,quantile,0.15,0
2025/1/18,wk inc covid hosp,2,2025/2/1,54,quantile,0.2,14
2025/1/18,wk inc covid hosp,2,2025/2/1,54,quantile,0.25,38
2025/1/18,wk inc covid hosp,2,2025/2/1,54,quantile,0.3,62
2025/1/18,wk inc covid hosp,2,2025/2/1,54,quantile,0.35,88
2025/1/18,wk inc covid hosp,2,2025/2/1,54,quantile,0.4,112
2025/1/18,wk inc covid hosp,2,2025/2/1,54,quantile,0.45,138
2025/1/18,wk inc covid hosp,2,2025/2/1,54,quantile,0.5,168
2025/1/18,wk inc covid hosp,2,2025/2/1,54,quantile,0.55,198
2025/1/18,wk inc covid hosp,2,2025/2/1,54,quantile,0.6,232
2025/1/18,wk inc covid hosp,2,2025/2/1,54,quantile,0.65,270
2025/1/18,wk inc covid hosp,2,2025/2/1,54,quantile,0.7,312
2025/1/18,wk inc covid hosp,2,2025/2/1,54,quantile,0.75,364
2025/1/18,wk inc covid hosp,2,2025/2/1,54,quantile,0.8,426
2025/1/18,wk inc covid hosp,2,2025/2/1,54,quantile,0.85,510
2025/1/18,wk inc covid hosp,2,2025/2/1,54,quantile,0.9,628
2025/1/18,wk inc covid hosp,2,2025/2/1,54,quantile,0.95,842
2025/1/18,wk inc covid hosp,2,2025/2/1,54,quantile,0.975,1072
2025/1/18,wk inc covid hosp,2,2025/2/1,54,quantile,0.99,1404
2025/1/18,wk inc covid hosp,3,2025/2/8,54,quantile,0.01,0
2025/1/18,wk inc covid hosp,3,2025/2/8,54,quantile,0.025,0
2025/1/18,wk inc covid hosp,3,2025/2/8,54,quantile,0.05,0
2025/1/18,wk inc covid hosp,3,2025/2/8,54,quantile,0.1,0
2025/1/18,wk inc covid hosp,3,2025/2/8,54,quantile,0.15,0
2025/1/18,wk inc covid hosp,3,2025/2/8,54,quantile,0.2,0
2025/1/18,wk inc covid hosp,3,2025/2/8,54,quantile,0.25,27
2025/1/18,wk inc covid hosp,3,2025/2/8,54,quantile,0.3,53
2025/1/18,wk inc covid hosp,3,2025/2/8,54,quantile,0.35,83
2025/1/18,wk inc covid hosp,3,2025/2/8,54,quantile,0.4,113
2025/1/18,wk inc covid hosp,3,2025/2/8,54,quantile,0.45,143
2025/1/18,wk inc covid hosp,3,2025/2/8,54,quantile,0.5,177
2025/1/18,wk inc covid hosp,3,2025/2/8,54,quantile,0.55,215
2025/1/18,wk inc covid hosp,3,2025/2/8,54,quantile,0.6,257
2025/1/18,wk inc covid hosp,3,2025/2/8,54,quantile,0.65,305
2025/1/18,wk inc covid hosp,3,2025/2/8,54,quantile,0.7,359
2025/1/18,wk inc covid hosp,3,2025/2/8,54,quantile,0.75,425
2025/1/18,wk inc covid hosp,3,2025/2/8,54,quantile,0.8,509
2025/1/18,wk inc covid hosp,3,2025/2/8,54,quantile,0.85,617
2025/1/18,wk inc covid hosp,3,2025/2/8,54,quantile,0.9,781
2025/1/18,wk inc covid hosp,3,2025/2/8,54,quantile,0.95,1081
2025/1/18,wk inc covid hosp,3,2025/2/8,54,quantile,0.975,1415
2025/1/18,wk inc covid hosp,3,2025/2/8,54,quantile,0.99,1913
2025/1/18,wk inc covid hosp,0,2025/1/18,56,quantile,0.01,0
2025/1/18,wk inc covid hosp,0,2025/1/18,56,quantile,0.025,0
2025/1/18,wk inc covid hosp,0,2025/1/18,56,quantile,0.05,0
2025/1/18,wk inc covid hosp,0,2025/1/18,56,quantile,0.1,3
2025/1/18,wk inc covid hosp,0,2025/1/18,56,quantile,0.15,11
2025/1/18,wk inc covid hosp,0,2025/1/18,56,quantile,0.2,17
2025/1/18,wk inc covid hosp,0,2025/1/18,56,quantile,0.25,23
2025/1/18,wk inc covid hosp,0,2025/1/18,56,quantile,0.3,27
2025/1/18,wk inc covid hosp,0,2025/1/18,56,quantile,0.35,33
2025/1/18,wk inc covid hosp,0,2025/1/18,56,quantile,0.4,39
2025/1/18,wk inc covid hosp,0,2025/1/18,56,quantile,0.45,43
2025/1/18,wk inc covid hosp,0,2025/1/18,56,quantile,0.5,49
2025/1/18,wk inc covid hosp,0,2025/1/18,56,quantile,0.55,55
2025/1/18,wk inc covid hosp,0,2025/1/18,56,quantile,0.6,61
2025/1/18,wk inc covid hosp,0,2025/1/18,56,quantile,0.65,69
2025/1/18,wk inc covid hosp,0,2025/1/18,56,quantile,0.7,77
2025/1/18,wk inc covid hosp,0,2025/1/18,56,quantile,0.75,85
2025/1/18,wk inc covid hosp,0,2025/1/18,56,quantile,0.8,97
2025/1/18,wk inc covid hosp,0,2025/1/18,56,quantile,0.85,109
2025/1/18,wk inc covid hosp,0,2025/1/18,56,quantile,0.9,129
2025/1/18,wk inc covid hosp,0,2025/1/18,56,quantile,0.95,159
2025/1/18,wk inc covid hosp,0,2025/1/18,56,quantile,0.975,191
2025/1/18,wk inc covid hosp,0,2025/1/18,56,quantile,0.99,233
2025/1/18,wk inc covid hosp,1,2025/1/25,56,quantile,0.01,0
2025/1/18,wk inc covid hosp,1,2025/1/25,56,quantile,0.025,0
2025/1/18,wk inc covid hosp,1,2025/1/25,56,quantile,0.05,0
2025/1/18,wk inc covid hosp,1,2025/1/25,56,quantile,0.1,0
2025/1/18,wk inc covid hosp,1,2025/1/25,56,quantile,0.15,0
2025/1/18,wk inc covid hosp,1,2025/1/25,56,quantile,0.2,5
2025/1/18,wk inc covid hosp,1,2025/1/25,56,quantile,0.25,13
2025/1/18,wk inc covid hosp,1,2025/1/25,56,quantile,0.3,19
2025/1/18,wk inc covid hosp,1,2025/1/25,56,quantile,0.35,27
2025/1/18,wk inc covid hosp,1,2025/1/25,56,quantile,0.4,33
2025/1/18,wk inc covid hosp,1,2025/1/25,56,quantile,0.45,41
2025/1/18,wk inc covid hosp,1,2025/1/25,56,quantile,0.5,49
2025/1/18,wk inc covid hosp,1,2025/1/25,56,quantile,0.55,57
2025/1/18,wk inc covid hosp,1,2025/1/25,56,quantile,0.6,67
2025/1/18,wk inc covid hosp,1,2025/1/25,56,quantile,0.65,77
2025/1/18,wk inc covid hosp,1,2025/1/25,56,quantile,0.7,89
2025/1/18,wk inc covid hosp,1,2025/1/25,56,quantile,0.75,103
2025/1/18,wk inc covid hosp,1,2025/1/25,56,quantile,0.8,121
2025/1/18,wk inc covid hosp,1,2025/1/25,56,quantile,0.85,143
2025/1/18,wk inc covid hosp,1,2025/1/25,56,quantile,0.9,175
2025/1/18,wk inc covid hosp,1,2025/1/25,56,quantile,0.95,233
2025/1/18,wk inc covid hosp,1,2025/1/25,56,quantile,0.975,293
2025/1/18,wk inc covid hosp,1,2025/1/25,56,quantile,0.99,381
2025/1/18,wk inc covid hosp,2,2025/2/1,56,quantile,0.01,0
2025/1/18,wk inc covid hosp,2,2025/2/1,56,quantile,0.025,0
2025/1/18,wk inc covid hosp,2,2025/2/1,56,quantile,0.05,0
2025/1/18,wk inc covid hosp,2,2025/2/1,56,quantile,0.1,0
2025/1/18,wk inc covid hosp,2,2025/2/1,56,quantile,0.15,0
2025/1/18,wk inc covid hosp,2,2025/2/1,56,quantile,0.2,0
2025/1/18,wk inc covid hosp,2,2025/2/1,56,quantile,0.25,7
2025/1/18,wk inc covid hosp,2,2025/2/1,56,quantile,0.3,15
2025/1/18,wk inc covid hosp,2,2025/2/1,56,quantile,0.35,23
2025/1/18,wk inc covid hosp,2,2025/2/1,56,quantile,0.4,31
2025/1/18,wk inc covid hosp,2,2025/2/1,56,quantile,0.45,39
2025/1/18,wk inc covid hosp,2,2025/2/1,56,quantile,0.5,49
2025/1/18,wk inc covid hosp,2,2025/2/1,56,quantile,0.55,59
2025/1/18,wk inc covid hosp,2,2025/2/1,56,quantile,0.6,71
2025/1/18,wk inc covid hosp,2,2025/2/1,56,quantile,0.65,85
2025/1/18,wk inc covid hosp,2,2025/2/1,56,quantile,0.7,101
2025/1/18,wk inc covid hosp,2,2025/2/1,56,quantile,0.75,119
2025/1/18,wk inc covid hosp,2,2025/2/1,56,quantile,0.8,143
2025/1/18,wk inc covid hosp,2,2025/2/1,56,quantile,0.85,175
2025/1/18,wk inc covid hosp,2,2025/2/1,56,quantile,0.9,221
2025/1/18,wk inc covid hosp,2,2025/2/1,56,quantile,0.95,305
2025/1/18,wk inc covid hosp,2,2025/2/1,56,quantile,0.975,401
2025/1/18,wk inc covid hosp,2,2025/2/1,56,quantile,0.99,543
2025/1/18,wk inc covid hosp,3,2025/2/8,56,quantile,0.01,0
2025/1/18,wk inc covid hosp,3,2025/2/8,56,quantile,0.025,0
2025/1/18,wk inc covid hosp,3,2025/2/8,56,quantile,0.05,0
2025/1/18,wk inc covid hosp,3,2025/2/8,56,quantile,0.1,0
2025/1/18,wk inc covid hosp,3,2025/2/8,56,quantile,0.15,0
2025/1/18,wk inc covid hosp,3,2025/2/8,56,quantile,0.2,0
2025/1/18,wk inc covid hosp,3,2025/2/8,56,quantile,0.25,1
2025/1/18,wk inc covid hosp,3,2025/2/8,56,quantile,0.3,9
2025/1/18,wk inc covid hosp,3,2025/2/8,56,quantile,0.35,19
2025/1/18,wk inc covid hosp,3,2025/2/8,56,quantile,0.4,29
2025/1/18,wk inc covid hosp,3,2025/2/8,56,quantile,0.45,39
2025/1/18,wk inc covid hosp,3,2025/2/8,56,quantile,0.5,49
2025/1/18,wk inc covid hosp,3,2025/2/8,56,quantile,0.55,61
2025/1/18,wk inc covid hosp,3,2025/2/8,56,quantile,0.6,75
2025/1/18,wk inc covid hosp,3,2025/2/8,56,quantile,0.65,91
2025/1/18,wk inc covid hosp,3,2025/2/8,56,quantile,0.7,111
2025/1/18,wk inc covid hosp,3,2025/2/8,56,quantile,0.75,133
2025/1/18,wk inc covid hosp,3,2025/2/8,56,quantile,0.8,163
2025/1/18,wk inc covid hosp,3,2025/2/8,56,quantile,0.85,203
2025/1/18,wk inc covid hosp,3,2025/2/8,56,quantile,0.9,263
2025/1/18,wk inc covid hosp,3,2025/2/8,56,quantile,0.95,381
2025/1/18,wk inc covid hosp,3,2025/2/8,56,quantile,0.975,515
2025/1/18,wk inc covid hosp,3,2025/2/8,56,quantile,0.99,723
