location_name,abbreviation,horizon,forecast_date,target_end_date,model,quantile_0.025,quantile_0.25,quantile_0.5,quantile_0.75,quantile_0.975,quantile_0.025_rounded,quantile_0.25_rounded,quantile_0.5_rounded,quantile_0.75_rounded,quantile_0.975_rounded,forecast_team,forecast_due_date,model_full_name
Alabama,AL,0,2024-11-23,2024-11-23,CEPH-Rtrend_covid,74,97,113,131,170,74,97,113,131,170,CEPH Lab at Indiana University,2024-11-20,Rtrend COVID
Alabama,AL,1,2024-11-23,2024-11-30,CEPH-Rtrend_covid,70,105,130,161,231,70,105,130,161,231,CEPH Lab at Indiana University,2024-11-20,Rtrend COVID
Alabama,AL,2,2024-11-23,2024-12-07,CEPH-Rtrend_covid,67,111,146,192,302,67,111,146,192,302,CEPH Lab at Indiana University,2024-11-20,Rtrend COVID
Connecticut,CT,0,2024-11-23,2024-11-23,CEPH-Rtrend_covid,41,71,94,123,197,41,71,94,123,197,CEPH Lab at Indiana University,2024-11-20,Rtrend COVID
Connecticut,CT,1,2024-11-23,2024-11-30,CEPH-Rtrend_covid,28,63,94,139,272,28,63,94,139,272,CEPH Lab at Indiana University,2024-11-20,Rtrend COVID
Connecticut,CT,2,2024-11-23,2024-12-07,CEPH-Rtrend_covid,20,55,93,155,367,20,55,93,155,367,CEPH Lab at Indiana University,2024-11-20,Rtrend COVID
Hawaii,HI,0,2024-11-23,2024-11-23,CEPH-Rtrend_covid,11,16,20,26,38,11,16,20,26,38,CEPH Lab at Indiana University,2024-11-20,Rtrend COVID
Hawaii,HI,1,2024-11-23,2024-11-30,CEPH-Rtrend_covid,9,17,24,33,59,9,17,24,33,59,CEPH Lab at Indiana University,2024-11-20,Rtrend COVID
Hawaii,HI,2,2024-11-23,2024-12-07,CEPH-Rtrend_covid,8,18,28,42,85,8,18,28,42,85,CEPH Lab at Indiana University,2024-11-20,Rtrend COVID
Idaho,ID,0,2024-11-23,2024-11-23,CEPH-Rtrend_covid,9,16,22,29,46,9,16,22,29,46,CEPH Lab at Indiana University,2024-11-20,Rtrend COVID
Idaho,ID,1,2024-11-23,2024-11-30,CEPH-Rtrend_covid,6,14,22,33,66,6,14,22,33,66,CEPH Lab at Indiana University,2024-11-20,Rtrend COVID
Idaho,ID,2,2024-11-23,2024-12-07,CEPH-Rtrend_covid,4,13,22,38,88,4,13,22,38,88,CEPH Lab at Indiana University,2024-11-20,Rtrend COVID
New Mexico,NM,0,2024-11-23,2024-11-23,CEPH-Rtrend_covid,47,65,77,91,121,47,65,77,91,121,CEPH Lab at Indiana University,2024-11-20,Rtrend COVID
New Mexico,NM,1,2024-11-23,2024-11-30,CEPH-Rtrend_covid,43,67,86,109,163,43,67,86,109,163,CEPH Lab at Indiana University,2024-11-20,Rtrend COVID
New Mexico,NM,2,2024-11-23,2024-12-07,CEPH-Rtrend_covid,39,68,93,124,202,39,68,93,124,202,CEPH Lab at Indiana University,2024-11-20,Rtrend COVID
North Dakota,ND,0,2024-11-23,2024-11-23,CEPH-Rtrend_covid,3,7,10,15,28,3,7,10,15,28,CEPH Lab at Indiana University,2024-11-20,Rtrend COVID
North Dakota,ND,1,2024-11-23,2024-11-30,CEPH-Rtrend_covid,2,6,10,17,42,2,6,10,17,42,CEPH Lab at Indiana University,2024-11-20,Rtrend COVID
North Dakota,ND,2,2024-11-23,2024-12-07,CEPH-Rtrend_covid,1,4,9,19,58,1,4,9,19,58,CEPH Lab at Indiana University,2024-11-20,Rtrend COVID
Oregon,OR,0,2024-11-23,2024-11-23,CEPH-Rtrend_covid,29,47,61,78,121,29,47,61,78,121,CEPH Lab at Indiana University,2024-11-20,Rtrend COVID
Oregon,OR,1,2024-11-23,2024-11-30,CEPH-Rtrend_covid,21,43,63,92,171,21,43,63,92,171,CEPH Lab at Indiana University,2024-11-20,Rtrend COVID
Oregon,OR,2,2024-11-23,2024-12-07,CEPH-Rtrend_covid,16,40,65,105,233,16,40,65,105,233,CEPH Lab at Indiana University,2024-11-20,Rtrend COVID
Rhode Island,RI,0,2024-11-23,2024-11-23,CEPH-Rtrend_covid,14,22,29,37,58,14,22,29,37,58,CEPH Lab at Indiana University,2024-11-20,Rtrend COVID
Rhode Island,RI,1,2024-11-23,2024-11-30,CEPH-Rtrend_covid,11,23,33,47,89,11,23,33,47,89,CEPH Lab at Indiana University,2024-11-20,Rtrend COVID
Rhode Island,RI,2,2024-11-23,2024-12-07,CEPH-Rtrend_covid,9,23,37,59,129,9,23,37,59,129,CEPH Lab at Indiana University,2024-11-20,Rtrend COVID
South Carolina,SC,0,2024-11-23,2024-11-23,CEPH-Rtrend_covid,39,61,78,99,149,39,61,78,99,149,CEPH Lab at Indiana University,2024-11-20,Rtrend COVID
South Carolina,SC,1,2024-11-23,2024-11-30,CEPH-Rtrend_covid,29,57,80,113,200,29,57,80,113,200,CEPH Lab at Indiana University,2024-11-20,Rtrend COVID
South Carolina,SC,2,2024-11-23,2024-12-07,CEPH-Rtrend_covid,22,52,82,125,258,22,52,82,125,258,CEPH Lab at Indiana University,2024-11-20,Rtrend COVID
South Dakota,SD,0,2024-11-23,2024-11-23,CEPH-Rtrend_covid,20,27,32,38,51,20,27,32,38,51,CEPH Lab at Indiana University,2024-11-20,Rtrend COVID
South Dakota,SD,1,2024-11-23,2024-11-30,CEPH-Rtrend_covid,19,30,39,49,73,19,30,39,49,73,CEPH Lab at Indiana University,2024-11-20,Rtrend COVID
South Dakota,SD,2,2024-11-23,2024-12-07,CEPH-Rtrend_covid,19,33,44,59,96,19,33,44,59,96,CEPH Lab at Indiana University,2024-11-20,Rtrend COVID
Tennessee,TN,0,2024-11-23,2024-11-23,CEPH-Rtrend_covid,56,89,114,144,218,56,89,114,144,218,CEPH Lab at Indiana University,2024-11-20,Rtrend COVID
Tennessee,TN,1,2024-11-23,2024-11-30,CEPH-Rtrend_covid,42,83,117,164,293,42,83,117,164,293,CEPH Lab at Indiana University,2024-11-20,Rtrend COVID
Tennessee,TN,2,2024-11-23,2024-12-07,CEPH-Rtrend_covid,32,75,119,181,367,32,75,119,181,367,CEPH Lab at Indiana University,2024-11-20,Rtrend COVID
Vermont,VT,0,2024-11-23,2024-11-23,CEPH-Rtrend_covid,6,11,16,22,41,6,11,16,22,41,CEPH Lab at Indiana University,2024-11-20,Rtrend COVID
Vermont,VT,1,2024-11-23,2024-11-30,CEPH-Rtrend_covid,3,10,16,26,58,3,10,16,26,58,CEPH Lab at Indiana University,2024-11-20,Rtrend COVID
Vermont,VT,2,2024-11-23,2024-12-07,CEPH-Rtrend_covid,2,8,15,29,75,2,8,15,29,75,CEPH Lab at Indiana University,2024-11-20,Rtrend COVID
West Virginia,WV,0,2024-11-23,2024-11-23,CEPH-Rtrend_covid,47,60,69,79,99,47,60,69,79,99,CEPH Lab at Indiana University,2024-11-20,Rtrend COVID
West Virginia,WV,1,2024-11-23,2024-11-30,CEPH-Rtrend_covid,44,63,77,93,128,44,63,77,93,128,CEPH Lab at Indiana University,2024-11-20,Rtrend COVID
West Virginia,WV,2,2024-11-23,2024-12-07,CEPH-Rtrend_covid,41,65,83,106,159,41,65,83,106,159,CEPH Lab at Indiana University,2024-11-20,Rtrend COVID
Alabama,AL,0,2024-11-23,2024-11-23,CMU-TimeSeries,27.323751904910612,158.02565568181433,204.9735718759406,277.69794967378635,476.2533355582228,27,158,205,278,476,Carnegie Mellon Delphi Group,2024-11-20,AR ensemble with auxiliary data
Alabama,AL,1,2024-11-23,2024-11-30,CMU-TimeSeries,33.708415542556224,170.95428124331033,222.04381495107242,336.4619103374957,561.576249845752,34,171,222,336,562,Carnegie Mellon Delphi Group,2024-11-20,AR ensemble with auxiliary data
Alabama,AL,2,2024-11-23,2024-12-07,CMU-TimeSeries,18.652322989454085,177.11403724199545,263.39949572750936,380.1119988853759,658.7777900983771,19,177,263,380,659,Carnegie Mellon Delphi Group,2024-11-20,AR ensemble with auxiliary data
Connecticut,CT,0,2024-11-23,2024-11-23,CMU-TimeSeries,29.167366279902616,119.70434301661629,215.9190843172954,275.95768827775913,443.25764011704064,29,120,216,276,443,Carnegie Mellon Delphi Group,2024-11-20,AR ensemble with auxiliary data
Connecticut,CT,1,2024-11-23,2024-11-30,CMU-TimeSeries,29.167366279902616,123.31474989029732,221.86519305753723,280.3357287231409,473.69947311554705,29,123,222,280,474,Carnegie Mellon Delphi Group,2024-11-20,AR ensemble with auxiliary data
Connecticut,CT,2,2024-11-23,2024-12-07,CMU-TimeSeries,29.167366279902616,143.7082996391589,237.44558745675508,322.88912704276885,556.5970278245289,29,144,237,323,557,Carnegie Mellon Delphi Group,2024-11-20,AR ensemble with auxiliary data
Hawaii,HI,0,2024-11-23,2024-11-23,CMU-TimeSeries,2.6261060955349063,44.50732976945483,64.25976189966201,81.6373165419783,118.41515429724784,3,45,64,82,118,Carnegie Mellon Delphi Group,2024-11-20,AR ensemble with auxiliary data
Hawaii,HI,1,2024-11-23,2024-11-30,CMU-TimeSeries,3.9052752025410467,45.79547634201503,65.2958790142152,85.53190201341508,130.96801045374173,4,46,65,86,131,Carnegie Mellon Delphi Group,2024-11-20,AR ensemble with auxiliary data
Hawaii,HI,2,2024-11-23,2024-12-07,CMU-TimeSeries,5.198052491536616,47.14318233982519,66.4870844427366,89.25729106877867,138.32984663057044,5,47,66,89,138,Carnegie Mellon Delphi Group,2024-11-20,AR ensemble with auxiliary data
Idaho,ID,0,2024-11-23,2024-11-23,CMU-TimeSeries,9.131371146055848,58.6992164662358,80.74470793291408,115.08540142945797,167.77081562666723,9,59,81,115,168,Carnegie Mellon Delphi Group,2024-11-20,AR ensemble with auxiliary data
Idaho,ID,1,2024-11-23,2024-11-30,CMU-TimeSeries,4.6033974819261125,61.15938828616891,92.83926776546586,120.00897418362496,173.71784505781298,5,61,93,120,174,Carnegie Mellon Delphi Group,2024-11-20,AR ensemble with auxiliary data
Idaho,ID,2,2024-11-23,2024-12-07,CMU-TimeSeries,4.6033974819261125,62.44515722144847,106.87982122995892,124.30309174636977,183.2205321593764,5,62,107,124,183,Carnegie Mellon Delphi Group,2024-11-20,AR ensemble with auxiliary data
North Dakota,ND,0,2024-11-23,2024-11-23,CMU-TimeSeries,2.8250657426944086,25.285434537254552,42.87266047867048,56.100934171293716,80.1019811183111,3,25,43,56,80,Carnegie Mellon Delphi Group,2024-11-20,AR ensemble with auxiliary data
North Dakota,ND,1,2024-11-23,2024-11-30,CMU-TimeSeries,2.8250657426944086,30.358838538715535,49.776345007013106,61.74247977980395,84.83779316920051,3,30,50,62,85,Carnegie Mellon Delphi Group,2024-11-20,AR ensemble with auxiliary data
North Dakota,ND,2,2024-11-23,2024-12-07,CMU-TimeSeries,2.8250657426944086,30.462774531943946,52.01305762763734,63.120972496586525,91.16306140066588,3,30,52,63,91,Carnegie Mellon Delphi Group,2024-11-20,AR ensemble with auxiliary data
New Mexico,NM,0,2024-11-23,2024-11-23,CMU-TimeSeries,13.25883068795667,110.79408080075255,164.1469295149564,203.8728586632144,268.4529650810317,13,111,164,204,268,Carnegie Mellon Delphi Group,2024-11-20,AR ensemble with auxiliary data
New Mexico,NM,1,2024-11-23,2024-11-30,CMU-TimeSeries,13.25883068795667,111.31162267543617,166.24736538410943,206.48056010576346,270.94728844042027,13,111,166,206,271,Carnegie Mellon Delphi Group,2024-11-20,AR ensemble with auxiliary data
New Mexico,NM,2,2024-11-23,2024-12-07,CMU-TimeSeries,18.738450967118442,112.4341088491485,159.14057532165543,205.97494126565633,280.5868812582821,19,112,159,206,281,Carnegie Mellon Delphi Group,2024-11-20,AR ensemble with auxiliary data
Oregon,OR,0,2024-11-23,2024-11-23,CMU-TimeSeries,28.376587772344323,121.22697135266614,158.63040538010736,213.48970604056703,367.7421957233085,28,121,159,213,368,Carnegie Mellon Delphi Group,2024-11-20,AR ensemble with auxiliary data
Oregon,OR,1,2024-11-23,2024-11-30,CMU-TimeSeries,33.048317535179784,124.77183184972844,164.5522449140108,246.77834363386705,416.0247217260585,33,125,165,247,416,Carnegie Mellon Delphi Group,2024-11-20,AR ensemble with auxiliary data
Oregon,OR,2,2024-11-23,2024-12-07,CMU-TimeSeries,30.97443059999109,125.48688595518792,175.17564906295277,258.0451580068684,427.8462210861757,31,125,175,258,428,Carnegie Mellon Delphi Group,2024-11-20,AR ensemble with auxiliary data
Rhode Island,RI,0,2024-11-23,2024-11-23,CMU-TimeSeries,3.5099714799511035,29.5931573034307,43.51006717215501,61.03091834107528,102.17771754270798,4,30,44,61,102,Carnegie Mellon Delphi Group,2024-11-20,AR ensemble with auxiliary data
Rhode Island,RI,1,2024-11-23,2024-11-30,CMU-TimeSeries,3.3987187934347425,30.189677474139096,46.65318176940272,65.16138218536457,110.64383605742815,3,30,47,65,111,Carnegie Mellon Delphi Group,2024-11-20,AR ensemble with auxiliary data
Rhode Island,RI,2,2024-11-23,2024-12-07,CMU-TimeSeries,3.3987187934347425,35.234952058355546,57.41324410964408,77.28356762237897,116.3216985268204,3,35,57,77,116,Carnegie Mellon Delphi Group,2024-11-20,AR ensemble with auxiliary data
South Carolina,SC,0,2024-11-23,2024-11-23,CMU-TimeSeries,25.681857021280464,143.22846204252596,188.31326155834722,224.71240880334796,401.50134573680833,26,143,188,225,402,Carnegie Mellon Delphi Group,2024-11-20,AR ensemble with auxiliary data
South Carolina,SC,1,2024-11-23,2024-11-30,CMU-TimeSeries,27.171952949122737,145.34669729534795,200.61953643914737,266.25165462741415,516.7155402384385,27,145,201,266,517,Carnegie Mellon Delphi Group,2024-11-20,AR ensemble with auxiliary data
South Carolina,SC,2,2024-11-23,2024-12-07,CMU-TimeSeries,32.62202983588825,148.63200938346407,210.2212821658743,316.01240420716124,652.8943696337107,33,149,210,316,653,Carnegie Mellon Delphi Group,2024-11-20,AR ensemble with auxiliary data
South Dakota,SD,0,2024-11-23,2024-11-23,CMU-TimeSeries,11.078839431014357,54.63442770988399,63.91787725055169,79.27228897581162,110.46358587102463,11,55,64,79,110,Carnegie Mellon Delphi Group,2024-11-20,AR ensemble with auxiliary data
South Dakota,SD,1,2024-11-23,2024-11-30,CMU-TimeSeries,9.34116774743778,57.322742687930244,67.68558477967139,84.28312924611629,121.50431699816599,9,57,68,84,122,Carnegie Mellon Delphi Group,2024-11-20,AR ensemble with auxiliary data
South Dakota,SD,2,2024-11-23,2024-12-07,CMU-TimeSeries,5.5667760871703065,53.35914386369676,71.54778446185482,89.14497736364231,127.7850751954634,6,53,72,89,128,Carnegie Mellon Delphi Group,2024-11-20,AR ensemble with auxiliary data
Tennessee,TN,0,2024-11-23,2024-11-23,CMU-TimeSeries,19.55825235286025,211.2708150177931,290.0305579075376,358.743175005117,593.1876973920904,20,211,290,359,593,Carnegie Mellon Delphi Group,2024-11-20,AR ensemble with auxiliary data
Tennessee,TN,1,2024-11-23,2024-11-30,CMU-TimeSeries,45.737098028096824,252.62898960828753,314.9636040686573,430.9055657321447,706.8945599845655,46,253,315,431,707,Carnegie Mellon Delphi Group,2024-11-20,AR ensemble with auxiliary data
Tennessee,TN,2,2024-11-23,2024-12-07,CMU-TimeSeries,33.88845396990269,263.00304424380374,356.8831388450961,484.8804295889531,798.3390719230493,34,263,357,485,798,Carnegie Mellon Delphi Group,2024-11-20,AR ensemble with auxiliary data
Vermont,VT,0,2024-11-23,2024-11-23,CMU-TimeSeries,4.5847604238912805,24.580527230620923,39.743769285524756,50.93409173684438,70.76611347760416,5,25,40,51,71,Carnegie Mellon Delphi Group,2024-11-20,AR ensemble with auxiliary data
Vermont,VT,1,2024-11-23,2024-11-30,CMU-TimeSeries,5.377564158826749,29.321034504128626,42.46499067736578,54.85103289286075,73.15222590418267,5,29,42,55,73,Carnegie Mellon Delphi Group,2024-11-20,AR ensemble with auxiliary data
Vermont,VT,2,2024-11-23,2024-12-07,CMU-TimeSeries,5.50230582706316,29.661925905083333,43.2170999905192,56.15733233434857,75.06736588959089,6,30,43,56,75,Carnegie Mellon Delphi Group,2024-11-20,AR ensemble with auxiliary data
West Virginia,WV,0,2024-11-23,2024-11-23,CMU-TimeSeries,7.197001227082453,92.20693832953725,126.66558343814599,165.3862662682861,250.17362958524558,7,92,127,165,250,Carnegie Mellon Delphi Group,2024-11-20,AR ensemble with auxiliary data
West Virginia,WV,1,2024-11-23,2024-11-30,CMU-TimeSeries,3.778549745507006,97.73369834775414,143.83312901986096,193.16358013655199,275.26074397244076,4,98,144,193,275,Carnegie Mellon Delphi Group,2024-11-20,AR ensemble with auxiliary data
West Virginia,WV,2,2024-11-23,2024-12-07,CMU-TimeSeries,6.596007894555321,103.67847639983717,164.69183101861287,216.7946640479746,303.3389982946797,7,104,165,217,303,Carnegie Mellon Delphi Group,2024-11-20,AR ensemble with auxiliary data
Alabama,AL,0,2024-11-23,2024-11-23,CovidHub-baseline,50.55,64.5,80,95.5,109.45,51,64,80,96,109,CovidHub-hub-models,2024-11-20,CovidHub baseline model
Connecticut,CT,0,2024-11-23,2024-11-23,CovidHub-baseline,57.55,62.5,68,73.5,78.45000000000002,58,62,68,74,78,CovidHub-hub-models,2024-11-20,CovidHub baseline model
Hawaii,HI,0,2024-11-23,2024-11-23,CovidHub-baseline,18.1,19,20,21,21.900000000000002,18,19,20,21,22,CovidHub-hub-models,2024-11-20,CovidHub baseline model
Idaho,ID,0,2024-11-23,2024-11-23,CovidHub-baseline,11.55,16.5,22,27.5,32.45,12,16,22,28,32,CovidHub-hub-models,2024-11-20,CovidHub baseline model
New Mexico,NM,0,2024-11-23,2024-11-23,CovidHub-baseline,57.8,65,73,81,88.2,58,65,73,81,88,CovidHub-hub-models,2024-11-20,CovidHub baseline model
North Dakota,ND,0,2024-11-23,2024-11-23,CovidHub-baseline,8.15,9.5,11,12.5,13.850000000000001,8,10,11,12,14,CovidHub-hub-models,2024-11-20,CovidHub baseline model
Oregon,OR,0,2024-11-23,2024-11-23,CovidHub-baseline,64.19999999999999,66,68,70,71.80000000000001,64,66,68,70,72,CovidHub-hub-models,2024-11-20,CovidHub baseline model
Rhode Island,RI,0,2024-11-23,2024-11-23,CovidHub-baseline,12.4,16,20,24,27.599999999999998,12,16,20,24,28,CovidHub-hub-models,2024-11-20,CovidHub baseline model
South Carolina,SC,0,2024-11-23,2024-11-23,CovidHub-baseline,63.300000000000004,66,69,72,74.69999999999999,63,66,69,72,75,CovidHub-hub-models,2024-11-20,CovidHub baseline model
South Dakota,SD,0,2024-11-23,2024-11-23,CovidHub-baseline,30.249999999999996,32.5,35,37.5,39.75,30,32,35,38,40,CovidHub-hub-models,2024-11-20,CovidHub baseline model
Tennessee,TN,0,2024-11-23,2024-11-23,CovidHub-baseline,114.75,130.5,148,165.5,181.25000000000003,115,130,148,166,181,CovidHub-hub-models,2024-11-20,CovidHub baseline model
Vermont,VT,0,2024-11-23,2024-11-23,CovidHub-baseline,0,4.000000000000001,9,13.999999999999998,18.5,0,4,9,14,18,CovidHub-hub-models,2024-11-20,CovidHub baseline model
West Virginia,WV,0,2024-11-23,2024-11-23,CovidHub-baseline,58.05,58.5,59,59.5,59.949999999999996,58,58,59,60,60,CovidHub-hub-models,2024-11-20,CovidHub baseline model
Alabama,AL,1,2024-11-23,2024-11-30,CovidHub-baseline,31.89644696446964,61.91038910389103,80,98.2309723097231,128.22073420734205,32,62,80,98,128,CovidHub-hub-models,2024-11-20,CovidHub baseline model
Connecticut,CT,1,2024-11-23,2024-11-30,CovidHub-baseline,50.90658806588067,61.60437104371045,68,74.43775937759379,85.0249912499125,51,62,68,74,85,CovidHub-hub-models,2024-11-20,CovidHub baseline model
Hawaii,HI,1,2024-11-23,2024-11-30,CovidHub-baseline,16.876723767237674,18.816458164581647,20,21.167941679416796,23.09943299432995,17,19,20,21,23,CovidHub-hub-models,2024-11-20,CovidHub baseline model
Idaho,ID,1,2024-11-23,2024-11-30,CovidHub-baseline,4.973584235842359,15.619441194411946,22,28.566460664606648,39.16394463944639,5,16,22,29,39,CovidHub-hub-models,2024-11-20,CovidHub baseline model
New Mexico,NM,1,2024-11-23,2024-11-30,CovidHub-baseline,48.12887128871288,63.65126651266512,73,82.38553385533854,97.89007290072897,48,64,73,82,98,CovidHub-hub-models,2024-11-20,CovidHub baseline model
North Dakota,ND,1,2024-11-23,2024-11-30,CovidHub-baseline,6.353552035520355,9.2440074400744,11,12.758767587675877,15.670157201572014,6,9,11,13,16,CovidHub-hub-models,2024-11-20,CovidHub baseline model
Oregon,OR,1,2024-11-23,2024-11-30,CovidHub-baseline,61.79332593325933,65.65351653516537,68,70.3488834888349,74.1939599395994,62,66,68,70,74,CovidHub-hub-models,2024-11-20,CovidHub baseline model
Rhode Island,RI,1,2024-11-23,2024-11-30,CovidHub-baseline,7.602264022640225,15.308033080330802,20,24.68216682166821,32.42540825408254,8,15,20,25,32,CovidHub-hub-models,2024-11-20,CovidHub baseline model
South Carolina,SC,1,2024-11-23,2024-11-30,CovidHub-baseline,59.69461494614946,65.50916509165091,69,72.51495514955148,78.33659136591365,60,66,69,73,78,CovidHub-hub-models,2024-11-20,CovidHub baseline model
South Dakota,SD,1,2024-11-23,2024-11-30,CovidHub-baseline,27.26387763877639,32.08684586845868,35,37.9380293802938,42.7629851298513,27,32,35,38,43,CovidHub-hub-models,2024-11-20,CovidHub baseline model
Tennessee,TN,1,2024-11-23,2024-11-30,CovidHub-baseline,93.50303753037528,127.41191911919117,148,168.6622816228162,202.4466494664946,94,127,148,169,202,CovidHub-hub-models,2024-11-20,CovidHub baseline model
Vermont,VT,1,2024-11-23,2024-11-30,CovidHub-baseline,0,3.1722917229172274,9,14.851708517085173,24.485224852248507,0,3,9,15,24,CovidHub-hub-models,2024-11-20,CovidHub baseline model
West Virginia,WV,1,2024-11-23,2024-11-30,CovidHub-baseline,57.4449509495095,58.411599115991166,59,59.581710817108174,60.55575005750058,57,58,59,60,61,CovidHub-hub-models,2024-11-20,CovidHub baseline model
Alabama,AL,2,2024-11-23,2024-12-07,CovidHub-baseline,20.087173371733712,58.113471134711354,80,101.86668866688665,140.24330543305433,20,58,80,102,140,CovidHub-hub-models,2024-11-20,CovidHub baseline model
Connecticut,CT,2,2024-11-23,2024-12-07,CovidHub-baseline,46.67308023080231,60.22699226992271,68,75.73247232472325,89.20546205462055,47,60,68,76,89,CovidHub-hub-models,2024-11-20,CovidHub baseline model
Hawaii,HI,2,2024-11-23,2024-12-07,CovidHub-baseline,16.125367253672533,18.589685896858967,20,21.423714237142367,23.880799807998073,16,19,20,21,24,CovidHub-hub-models,2024-11-20,CovidHub baseline model
Idaho,ID,2,2024-11-23,2024-12-07,CovidHub-baseline,0.7714267142671333,14.257132571325712,22,29.819593195931954,43.40655506555065,1,14,22,30,43,CovidHub-hub-models,2024-11-20,CovidHub baseline model
New Mexico,NM,2,2024-11-23,2024-12-07,CovidHub-baseline,41.98073780737808,61.65636656366564,73,84.33003330033301,104.09251892518925,42,62,73,84,104,CovidHub-hub-models,2024-11-20,CovidHub baseline model
North Dakota,ND,2,2024-11-23,2024-12-07,CovidHub-baseline,5.227819278192779,8.861368613686135,11,13.105676056760565,16.79828398283982,5,9,11,13,17,CovidHub-hub-models,2024-11-20,CovidHub baseline model
Oregon,OR,2,2024-11-23,2024-12-07,CovidHub-baseline,60.21787417874177,65.20201202012021,68,70.82338823388234,75.70796507965078,60,65,68,71,76,CovidHub-hub-models,2024-11-20,CovidHub baseline model
Rhode Island,RI,2,2024-11-23,2024-12-07,CovidHub-baseline,4.499508995089951,14.356743567435672,20,25.626616266162664,35.48320283202832,4,14,20,26,35,CovidHub-hub-models,2024-11-20,CovidHub baseline model
South Carolina,SC,2,2024-11-23,2024-12-07,CovidHub-baseline,57.29278792787929,64.76968769687696,69,73.22848228482285,80.63395733957339,57,65,69,73,81,CovidHub-hub-models,2024-11-20,CovidHub baseline model
South Dakota,SD,2,2024-11-23,2024-12-07,CovidHub-baseline,25.346238462384626,31.458439584395844,35,38.51791017910179,44.651561515615164,25,31,35,39,45,CovidHub-hub-models,2024-11-20,CovidHub baseline model
Tennessee,TN,2,2024-11-23,2024-12-07,CovidHub-baseline,80.08843588435884,123.0848258482585,148,172.7945979459795,216.09073090730908,80,123,148,173,216,CovidHub-hub-models,2024-11-20,CovidHub baseline model
Vermont,VT,2,2024-11-23,2024-12-07,CovidHub-baseline,0,1.9841298412984134,9,15.98181981819819,28.233972339723383,0,2,9,16,28,CovidHub-hub-models,2024-11-20,CovidHub baseline model
West Virginia,WV,2,2024-11-23,2024-12-07,CovidHub-baseline,57.05190901909019,58.287767877678775,59,59.70554205542055,60.94182991829917,57,58,59,60,61,CovidHub-hub-models,2024-11-20,CovidHub baseline model
Alabama,AL,0,2024-11-23,2024-11-23,CovidHub-ensemble,50.2599041507288,89.4555447261119,107.945432186127,124.927871581078,167.032748472175,50,89,108,125,167,CovidHub,2024-11-20,Ensemble model using CovidHub submissions
Alabama,AL,1,2024-11-23,2024-11-30,CovidHub-ensemble,50.166035538853,106.805,124.05,150.611057748729,217.753475387353,50,107,124,151,218,CovidHub,2024-11-20,Ensemble model using CovidHub submissions
Alabama,AL,2,2024-11-23,2024-12-07,CovidHub-ensemble,40.3427709530537,103.1879774543,134.595365214544,177.125606368961,276.049400981289,40,103,135,177,276,CovidHub,2024-11-20,Ensemble model using CovidHub submissions
Connecticut,CT,0,2024-11-23,2024-11-23,CovidHub-ensemble,35.0836831399513,77.455,96.595,123.969193635267,177.155,35,77,97,124,177,CovidHub,2024-11-20,Ensemble model using CovidHub submissions
Connecticut,CT,1,2024-11-23,2024-11-30,CovidHub-ensemble,28.5836831399513,79.08,104.927174866027,139.45,220.91485212280801,29,79,105,139,221,CovidHub,2024-11-20,Ensemble model using CovidHub submissions
Connecticut,CT,2,2024-11-23,2024-12-07,CovidHub-ensemble,24.5836831399513,82.4894065347985,114.681374472865,158.935,261.641699973496,25,82,115,159,262,CovidHub,2024-11-20,Ensemble model using CovidHub submissions
Hawaii,HI,0,2024-11-23,2024-11-23,CovidHub-ensemble,9.82070049660921,23.1300903300112,27.5946698440493,32.6758173064112,45.7245683999169,10,23,28,33,46,CovidHub,2024-11-20,Ensemble model using CovidHub submissions
Hawaii,HI,1,2024-11-23,2024-11-30,CovidHub-ensemble,9.01928072969921,25.9732138737252,32.7427586586236,40.7310799093209,62.2658015637352,9,26,33,41,62,CovidHub,2024-11-20,Ensemble model using CovidHub submissions
Hawaii,HI,2,2024-11-23,2024-12-07,CovidHub-ensemble,7.7951421320565,28.3934687606015,37.391119331744,48.4855164013618,77.1339413452149,8,28,37,48,77,CovidHub,2024-11-20,Ensemble model using CovidHub submissions
Idaho,ID,0,2024-11-23,2024-11-23,CovidHub-ensemble,9.2588667809537,20.6449025793261,26.0270924543096,31.5545354593519,46.2630127664812,9,21,26,32,46,CovidHub,2024-11-20,Ensemble model using CovidHub submissions
Idaho,ID,1,2024-11-23,2024-11-30,CovidHub-ensemble,6.91215574370915,21.0150109592573,28.8277328683292,35.4975134646747,62.848052671771,7,21,29,35,63,CovidHub,2024-11-20,Ensemble model using CovidHub submissions
Idaho,ID,2,2024-11-23,2024-12-07,CovidHub-ensemble,6.08948179279472,19.3415243868389,29.4510198520219,39.467285666604,73.1154689571954,6,19,29,39,73,CovidHub,2024-11-20,Ensemble model using CovidHub submissions
New Mexico,NM,0,2024-11-23,2024-11-23,CovidHub-ensemble,32.2945565032959,75.43,84.12,93.95,114.74,32,75,84,94,115,CovidHub,2024-11-20,Ensemble model using CovidHub submissions
New Mexico,NM,1,2024-11-23,2024-11-30,CovidHub-ensemble,28.9644416046143,76.635,89.54,104.67,139.245,29,77,90,105,139,CovidHub,2024-11-20,Ensemble model using CovidHub submissions
New Mexico,NM,2,2024-11-23,2024-12-07,CovidHub-ensemble,28.8692254835592,75.975,92.66,112.685,161.335,29,76,93,113,161,CovidHub,2024-11-20,Ensemble model using CovidHub submissions
North Dakota,ND,0,2024-11-23,2024-11-23,CovidHub-ensemble,3.69139569043955,11.9228415616478,14.337145431544,16.8473373550401,26.7232517758756,4,12,14,17,27,CovidHub,2024-11-20,Ensemble model using CovidHub submissions
North Dakota,ND,1,2024-11-23,2024-11-30,CovidHub-ensemble,2.74821816974562,10.753128658107,15.2158604580277,19.4081057142132,38.567914082109,3,11,15,19,39,CovidHub,2024-11-20,Ensemble model using CovidHub submissions
North Dakota,ND,2,2024-11-23,2024-12-07,CovidHub-ensemble,2.22471511836153,10.1317252846506,16.3371336460478,21.8762366834309,47.5713793690848,2,10,16,22,48,CovidHub,2024-11-20,Ensemble model using CovidHub submissions
Oregon,OR,0,2024-11-23,2024-11-23,CovidHub-ensemble,31.3978792852074,61.7965222964878,76.3773469095318,84.8809431614251,119.44941376272,31,62,76,85,119,CovidHub,2024-11-20,Ensemble model using CovidHub submissions
Oregon,OR,1,2024-11-23,2024-11-30,CovidHub-ensemble,30.5721664624533,62.9095162640663,82.9328235388868,97.5985565818676,147.525624928786,31,63,83,98,148,CovidHub,2024-11-20,Ensemble model using CovidHub submissions
Oregon,OR,2,2024-11-23,2024-12-07,CovidHub-ensemble,26.9246823431187,61.8095374500682,90.7053920308406,120.318374190548,188.048813323975,27,62,91,120,188,CovidHub,2024-11-20,Ensemble model using CovidHub submissions
Rhode Island,RI,0,2024-11-23,2024-11-23,CovidHub-ensemble,8.38354364576677,21.7121772925186,27.3003477859497,33.6572598232762,48.1821928350148,8,22,27,34,48,CovidHub,2024-11-20,Ensemble model using CovidHub submissions
Rhode Island,RI,1,2024-11-23,2024-11-30,CovidHub-ensemble,9.34346458145356,21.1914119115067,30.1526870727539,41.2538011214249,64.0405668756423,9,21,30,41,64,CovidHub,2024-11-20,Ensemble model using CovidHub submissions
Rhode Island,RI,2,2024-11-23,2024-12-07,CovidHub-ensemble,5.28716768590091,19.5890241778248,33.0784676742554,46.9599752459215,79.6239164359502,5,20,33,47,80,CovidHub,2024-11-20,Ensemble model using CovidHub submissions
South Carolina,SC,0,2024-11-23,2024-11-23,CovidHub-ensemble,32.3409285106402,65.5793796843623,89.0761752640424,114.053435962887,154.03,32,66,89,114,154,CovidHub,2024-11-20,Ensemble model using CovidHub submissions
South Carolina,SC,1,2024-11-23,2024-11-30,CovidHub-ensemble,29.335431098938,74.9142606461039,106.422668444064,129.293440408019,199.172503471375,29,75,106,129,199,CovidHub,2024-11-20,Ensemble model using CovidHub submissions
South Carolina,SC,2,2024-11-23,2024-12-07,CovidHub-ensemble,30.7167264134294,95.9988946418032,121.748030014022,150.405,249.04,31,96,122,150,249,CovidHub,2024-11-20,Ensemble model using CovidHub submissions
South Dakota,SD,0,2024-11-23,2024-11-23,CovidHub-ensemble,16.6838118362427,30.5819700402308,33.54,37.78,49.1986058425903,17,31,34,38,49,CovidHub,2024-11-20,Ensemble model using CovidHub submissions
South Dakota,SD,1,2024-11-23,2024-11-30,CovidHub-ensemble,15.8421783447266,32.699867272917,37.745,44.425,64.697452545166,16,33,38,44,65,CovidHub,2024-11-20,Ensemble model using CovidHub submissions
South Dakota,SD,2,2024-11-23,2024-12-07,CovidHub-ensemble,20.7759466171265,34.6801068002164,42.9107738733292,53.5782563894808,78.5424165725708,21,35,43,54,79,CovidHub,2024-11-20,Ensemble model using CovidHub submissions
Tennessee,TN,0,2024-11-23,2024-11-23,CovidHub-ensemble,78.1655569871571,134.251965442287,158.179736308116,185.573836715513,248.698932306252,78,134,158,186,249,CovidHub,2024-11-20,Ensemble model using CovidHub submissions
Tennessee,TN,1,2024-11-23,2024-11-30,CovidHub-ensemble,60.9967272459392,140.434316192968,169.114002757315,195.042944880611,287.865017162148,61,140,169,195,288,CovidHub,2024-11-20,Ensemble model using CovidHub submissions
Tennessee,TN,2,2024-11-23,2024-12-07,CovidHub-ensemble,59.4019714257744,139.208901799164,191.431440938435,242.532708024603,358.463523864746,59,139,191,243,358,CovidHub,2024-11-20,Ensemble model using CovidHub submissions
Vermont,VT,0,2024-11-23,2024-11-23,CovidHub-ensemble,4.09685438652254,10.1925979357633,14.6173307092167,20.255,29.9559402613336,4,10,15,20,30,CovidHub,2024-11-20,Ensemble model using CovidHub submissions
Vermont,VT,1,2024-11-23,2024-11-30,CovidHub-ensemble,3.10096749608079,9.70225133223584,15.3847529888153,22.1804187193255,35.6976371499225,3,10,15,22,36,CovidHub,2024-11-20,Ensemble model using CovidHub submissions
Vermont,VT,2,2024-11-23,2024-12-07,CovidHub-ensemble,2.28385627848199,8.7344388792394,15.64,23.2197437685138,43.8931695528929,2,9,16,23,44,CovidHub,2024-11-20,Ensemble model using CovidHub submissions
West Virginia,WV,0,2024-11-23,2024-11-23,CovidHub-ensemble,46.324517403868,61.7712207092368,74.4487797164382,86.9940072436312,117.983060260576,46,62,74,87,118,CovidHub,2024-11-20,Ensemble model using CovidHub submissions
West Virginia,WV,1,2024-11-23,2024-11-30,CovidHub-ensemble,44.0361763141033,65.833351499915,81.9694042857664,98.1613582391739,126.040641784668,44,66,82,98,126,CovidHub,2024-11-20,Ensemble model using CovidHub submissions
West Virginia,WV,2,2024-11-23,2024-12-07,CovidHub-ensemble,33.0608491146712,64.5650465197563,85.182829141616807,105.518083363056,154.916961669922,33,65,85,106,155,CovidHub,2024-11-20,Ensemble model using CovidHub submissions
Alabama,AL,0,2024-11-23,2024-11-23,OHT_JHU-nbxd,97.51,110.65,118.11,125.99,142.22,98,111,118,126,142,One Health Trust and Johns Hopkins University,2024-11-20,NBEATS exogenous covariate decoder
Alabama,AL,1,2024-11-23,2024-11-30,OHT_JHU-nbxd,92.3,108.61,118.1,128.26,149.65,92,109,118,128,150,One Health Trust and Johns Hopkins University,2024-11-20,NBEATS exogenous covariate decoder
Alabama,AL,2,2024-11-23,2024-12-07,OHT_JHU-nbxd,85.2,103.89,115,127.07,153.01,85,104,115,127,153,One Health Trust and Johns Hopkins University,2024-11-20,NBEATS exogenous covariate decoder
Connecticut,CT,0,2024-11-23,2024-11-23,OHT_JHU-nbxd,60.19,83.91,99.19,116.73,157.31,60,84,99,117,157,One Health Trust and Johns Hopkins University,2024-11-20,NBEATS exogenous covariate decoder
Connecticut,CT,1,2024-11-23,2024-11-30,OHT_JHU-nbxd,64.35,95.16,115.74,139.9,197.57,64,95,116,140,198,One Health Trust and Johns Hopkins University,2024-11-20,NBEATS exogenous covariate decoder
Connecticut,CT,2,2024-11-23,2024-12-07,OHT_JHU-nbxd,68.69,106.28,132.06,162.87,238.15,69,106,132,163,238,One Health Trust and Johns Hopkins University,2024-11-20,NBEATS exogenous covariate decoder
Hawaii,HI,0,2024-11-23,2024-11-23,OHT_JHU-nbxd,21,26.76,30.28,34.17,42.74,21,27,30,34,43,One Health Trust and Johns Hopkins University,2024-11-20,NBEATS exogenous covariate decoder
Hawaii,HI,1,2024-11-23,2024-11-30,OHT_JHU-nbxd,22.82,30.31,35,40.28,52.17,23,30,35,40,52,One Health Trust and Johns Hopkins University,2024-11-20,NBEATS exogenous covariate decoder
Hawaii,HI,2,2024-11-23,2024-12-07,OHT_JHU-nbxd,24.23,33.42,39.3,46.02,61.48,24,33,39,46,61,One Health Trust and Johns Hopkins University,2024-11-20,NBEATS exogenous covariate decoder
Idaho,ID,0,2024-11-23,2024-11-23,OHT_JHU-nbxd,19.55,24.91,28.17,31.79,39.75,20,25,28,32,40,One Health Trust and Johns Hopkins University,2024-11-20,NBEATS exogenous covariate decoder
Idaho,ID,1,2024-11-23,2024-11-30,OHT_JHU-nbxd,19.61,26.52,30.9,35.86,47.15,20,27,31,36,47,One Health Trust and Johns Hopkins University,2024-11-20,NBEATS exogenous covariate decoder
Idaho,ID,2,2024-11-23,2024-12-07,OHT_JHU-nbxd,20.14,28.25,33.5,39.53,53.53,20,28,34,40,54,One Health Trust and Johns Hopkins University,2024-11-20,NBEATS exogenous covariate decoder
New Mexico,NM,0,2024-11-23,2024-11-23,OHT_JHU-nbxd,76.34,85.86,91.24,96.9,108.48,76,86,91,97,108,One Health Trust and Johns Hopkins University,2024-11-20,NBEATS exogenous covariate decoder
New Mexico,NM,1,2024-11-23,2024-11-30,OHT_JHU-nbxd,74.42,86.27,93.08,100.34,115.49,74,86,93,100,115,One Health Trust and Johns Hopkins University,2024-11-20,NBEATS exogenous covariate decoder
New Mexico,NM,2,2024-11-23,2024-12-07,OHT_JHU-nbxd,69.75,83.95,92.32,101.37,120.67,70,84,92,101,121,One Health Trust and Johns Hopkins University,2024-11-20,NBEATS exogenous covariate decoder
North Dakota,ND,0,2024-11-23,2024-11-23,OHT_JHU-nbxd,12.3,14.68,16.08,17.58,20.78,12,15,16,18,21,One Health Trust and Johns Hopkins University,2024-11-20,NBEATS exogenous covariate decoder
North Dakota,ND,1,2024-11-23,2024-11-30,OHT_JHU-nbxd,11.7,14.79,16.67,18.74,23.29,12,15,17,19,23,One Health Trust and Johns Hopkins University,2024-11-20,NBEATS exogenous covariate decoder
North Dakota,ND,2,2024-11-23,2024-12-07,OHT_JHU-nbxd,11.49,15.13,17.4,19.94,25.65,11,15,17,20,26,One Health Trust and Johns Hopkins University,2024-11-20,NBEATS exogenous covariate decoder
Oregon,OR,0,2024-11-23,2024-11-23,OHT_JHU-nbxd,54.09,72.65,84.35,97.58,127.58,54,73,84,98,128,One Health Trust and Johns Hopkins University,2024-11-20,NBEATS exogenous covariate decoder
Oregon,OR,1,2024-11-23,2024-11-30,OHT_JHU-nbxd,57.18,81.21,96.88,114.99,157.31,57,81,97,115,157,One Health Trust and Johns Hopkins University,2024-11-20,NBEATS exogenous covariate decoder
Oregon,OR,2,2024-11-23,2024-12-07,OHT_JHU-nbxd,64.61,93.94,113.33,135.94,189.46,65,94,113,136,189,One Health Trust and Johns Hopkins University,2024-11-20,NBEATS exogenous covariate decoder
Rhode Island,RI,0,2024-11-23,2024-11-23,OHT_JHU-nbxd,24.8,31.15,34.99,39.21,48.45,25,31,35,39,48,One Health Trust and Johns Hopkins University,2024-11-20,NBEATS exogenous covariate decoder
Rhode Island,RI,1,2024-11-23,2024-11-30,OHT_JHU-nbxd,26.02,34.34,39.53,45.35,58.43,26,34,40,45,58,One Health Trust and Johns Hopkins University,2024-11-20,NBEATS exogenous covariate decoder
Rhode Island,RI,2,2024-11-23,2024-12-07,OHT_JHU-nbxd,27.78,37.85,44.26,51.55,68.2,28,38,44,52,68,One Health Trust and Johns Hopkins University,2024-11-20,NBEATS exogenous covariate decoder
South Carolina,SC,0,2024-11-23,2024-11-23,OHT_JHU-nbxd,69.02,91.94,106.31,122.5,159.06,69,92,106,122,159,One Health Trust and Johns Hopkins University,2024-11-20,NBEATS exogenous covariate decoder
South Carolina,SC,1,2024-11-23,2024-11-30,OHT_JHU-nbxd,75.99,106.24,125.77,148.2,200.19,76,106,126,148,200,One Health Trust and Johns Hopkins University,2024-11-20,NBEATS exogenous covariate decoder
South Carolina,SC,2,2024-11-23,2024-12-07,OHT_JHU-nbxd,87.8,124.43,148.27,175.81,240.08,88,124,148,176,240,One Health Trust and Johns Hopkins University,2024-11-20,NBEATS exogenous covariate decoder
South Dakota,SD,0,2024-11-23,2024-11-23,OHT_JHU-nbxd,28.63,32.73,35.08,37.56,42.7,29,33,35,38,43,One Health Trust and Johns Hopkins University,2024-11-20,NBEATS exogenous covariate decoder
South Dakota,SD,1,2024-11-23,2024-11-30,OHT_JHU-nbxd,28.02,33.36,36.49,39.85,46.98,28,33,36,40,47,One Health Trust and Johns Hopkins University,2024-11-20,NBEATS exogenous covariate decoder
South Dakota,SD,2,2024-11-23,2024-12-07,OHT_JHU-nbxd,27.58,33.88,37.64,41.74,50.58,28,34,38,42,51,One Health Trust and Johns Hopkins University,2024-11-20,NBEATS exogenous covariate decoder
Tennessee,TN,0,2024-11-23,2024-11-23,OHT_JHU-nbxd,105.19,131.2,146.87,164.06,201.48,105,131,147,164,201,One Health Trust and Johns Hopkins University,2024-11-20,NBEATS exogenous covariate decoder
Tennessee,TN,1,2024-11-23,2024-11-30,OHT_JHU-nbxd,108.63,141.85,162.42,185.43,236.79,109,142,162,185,237,One Health Trust and Johns Hopkins University,2024-11-20,NBEATS exogenous covariate decoder
Tennessee,TN,2,2024-11-23,2024-12-07,OHT_JHU-nbxd,108.56,146.96,171.27,198.84,261.65,109,147,171,199,262,One Health Trust and Johns Hopkins University,2024-11-20,NBEATS exogenous covariate decoder
Vermont,VT,0,2024-11-23,2024-11-23,OHT_JHU-nbxd,14.75,16.5,17.48,18.51,20.62,15,16,17,19,21,One Health Trust and Johns Hopkins University,2024-11-20,NBEATS exogenous covariate decoder
Vermont,VT,1,2024-11-23,2024-11-30,OHT_JHU-nbxd,13.73,15.78,16.95,18.2,20.78,14,16,17,18,21,One Health Trust and Johns Hopkins University,2024-11-20,NBEATS exogenous covariate decoder
Vermont,VT,2,2024-11-23,2024-12-07,OHT_JHU-nbxd,12.45,14.87,16.28,17.81,21.05,12,15,16,18,21,One Health Trust and Johns Hopkins University,2024-11-20,NBEATS exogenous covariate decoder
West Virginia,WV,0,2024-11-23,2024-11-23,OHT_JHU-nbxd,54.25,58.57,60.95,63.41,68.32,54,59,61,63,68,One Health Trust and Johns Hopkins University,2024-11-20,NBEATS exogenous covariate decoder
West Virginia,WV,1,2024-11-23,2024-11-30,OHT_JHU-nbxd,49.95,55.15,58.05,61.08,67.21,50,55,58,61,67,One Health Trust and Johns Hopkins University,2024-11-20,NBEATS exogenous covariate decoder
West Virginia,WV,2,2024-11-23,2024-12-07,OHT_JHU-nbxd,46.64,52.71,56.15,59.78,67.24,47,53,56,60,67,One Health Trust and Johns Hopkins University,2024-11-20,NBEATS exogenous covariate decoder
Alabama,AL,0,2024-11-23,2024-11-23,UM-DeepOutbreak,28.186347656250007,79.16793298530578,102.89086437225342,123.86574316215516,174.84732849121093,28,79,103,124,175,"University of Michigan, Computer Science and Engineering",2024-11-20,DeepOutbreak
Connecticut,CT,0,2024-11-23,2024-11-23,UM-DeepOutbreak,42.892730712890625,120.99244183648668,155.71041107177734,179.57634478460707,257.6760559082031,43,121,156,180,258,"University of Michigan, Computer Science and Engineering",2024-11-20,DeepOutbreak
Hawaii,HI,0,2024-11-23,2024-11-23,UM-DeepOutbreak,8.7658109664917,31.07085132135391,36.4497912979126,41.20780468450546,63.51284503936768,9,31,36,41,64,"University of Michigan, Computer Science and Engineering",2024-11-20,DeepOutbreak
Idaho,ID,0,2024-11-23,2024-11-23,UM-DeepOutbreak,0,13.2155123551166,21.85338375091553,28.75339404747129,62.06287605285645,0,13,22,29,62,"University of Michigan, Computer Science and Engineering",2024-11-20,DeepOutbreak
New Mexico,NM,0,2024-11-23,2024-11-23,UM-DeepOutbreak,17.589113006591788,34.2244252153492,41.81822095870973,47.8558970502758,64.49120925903321,18,34,42,48,64,"University of Michigan, Computer Science and Engineering",2024-11-20,DeepOutbreak
North Dakota,ND,0,2024-11-23,2024-11-23,UM-DeepOutbreak,0.1732530212402281,18.21588795430183,22.41934585571289,25.42378337138176,43.466418304443366,0,18,22,25,43,"University of Michigan, Computer Science and Engineering",2024-11-20,DeepOutbreak
Oregon,OR,0,2024-11-23,2024-11-23,UM-DeepOutbreak,23.523505859375007,51.64467216434478,66.64754486083984,76.62499641475678,104.74616271972656,24,52,67,77,105,"University of Michigan, Computer Science and Engineering",2024-11-20,DeepOutbreak
Rhode Island,RI,0,2024-11-23,2024-11-23,UM-DeepOutbreak,6.199504852294922,21.424354585037232,25.600695571899415,29.46003338493347,44.68488311767578,6,21,26,29,45,"University of Michigan, Computer Science and Engineering",2024-11-20,DeepOutbreak
South Carolina,SC,0,2024-11-23,2024-11-23,UM-DeepOutbreak,25.33977222442627,65.93897106552123,98.82357727050784,122.37093494033816,162.9701337814331,25,66,99,122,163,"University of Michigan, Computer Science and Engineering",2024-11-20,DeepOutbreak
South Dakota,SD,0,2024-11-23,2024-11-23,UM-DeepOutbreak,13.367623672485353,28.433940080461504,30.39694094657898,32.33089527720451,47.397211685180665,13,28,30,32,47,"University of Michigan, Computer Science and Engineering",2024-11-20,DeepOutbreak
Tennessee,TN,0,2024-11-23,2024-11-23,UM-DeepOutbreak,75.13955593109131,129.36899543037416,152.75423431396484,174.70873284111022,228.93817234039307,75,129,153,175,229,"University of Michigan, Computer Science and Engineering",2024-11-20,DeepOutbreak
Vermont,VT,0,2024-11-23,2024-11-23,UM-DeepOutbreak,0,0,11.107087216377264,25.89954092931748,36.408975257873536,0,0,11,26,36,"University of Michigan, Computer Science and Engineering",2024-11-20,DeepOutbreak
West Virginia,WV,0,2024-11-23,2024-11-23,UM-DeepOutbreak,61.957664489746094,94.27586233186722,104.10940049029888,113.9089063448906,146.22710418701172,62,94,104,114,146,"University of Michigan, Computer Science and Engineering",2024-11-20,DeepOutbreak
Alabama,AL,1,2024-11-23,2024-11-30,UM-DeepOutbreak,46.27980951213459,110.01481143798829,145.12133485794072,177.41438778076173,241.1493897066154,46,110,145,177,241,"University of Michigan, Computer Science and Engineering",2024-11-20,DeepOutbreak
Connecticut,CT,1,2024-11-23,2024-11-30,UM-DeepOutbreak,47.19615173339844,111.95743081970215,150.4675064086914,178.43859579162597,243.1998748779297,47,112,150,178,243,"University of Michigan, Computer Science and Engineering",2024-11-20,DeepOutbreak
Hawaii,HI,1,2024-11-23,2024-11-30,UM-DeepOutbreak,16.814827919006348,32.92418205368996,43.678603172302246,51.76751411330223,67.87686824798584,17,33,44,52,68,"University of Michigan, Computer Science and Engineering",2024-11-20,DeepOutbreak
Idaho,ID,1,2024-11-23,2024-11-30,UM-DeepOutbreak,0,16.48877475765228,28.204541206359863,34.470640678138736,65.23565162658691,0,16,28,34,65,"University of Michigan, Computer Science and Engineering",2024-11-20,DeepOutbreak
New Mexico,NM,1,2024-11-23,2024-11-30,UM-DeepOutbreak,14.928883209228516,45.24195041977691,54.92326354980469,56.4946981397934,86.8077653503418,15,45,55,56,87,"University of Michigan, Computer Science and Engineering",2024-11-20,DeepOutbreak
North Dakota,ND,1,2024-11-23,2024-11-30,UM-DeepOutbreak,0,12.43967762736559,18.79946164131165,24.33929118366957,41.49264717102051,0,12,19,24,41,"University of Michigan, Computer Science and Engineering",2024-11-20,DeepOutbreak
Oregon,OR,1,2024-11-23,2024-11-30,UM-DeepOutbreak,17.1036376953125,59.834251091003416,72.0254898071289,82.84276612091065,125.57337951660156,17,60,72,83,126,"University of Michigan, Computer Science and Engineering",2024-11-20,DeepOutbreak
Rhode Island,RI,1,2024-11-23,2024-11-30,UM-DeepOutbreak,10.652271270751951,19.382823823013304,27.305374145507812,33.597732665023806,42.32828521728515,11,19,27,34,42,"University of Michigan, Computer Science and Engineering",2024-11-20,DeepOutbreak
South Carolina,SC,1,2024-11-23,2024-11-30,UM-DeepOutbreak,29.670862197875977,83.77440368652343,128.77485275268555,144.24146545410156,198.34500694274905,30,84,129,144,198,"University of Michigan, Computer Science and Engineering",2024-11-20,DeepOutbreak
South Dakota,SD,1,2024-11-23,2024-11-30,UM-DeepOutbreak,12.684356689453123,32.039734545834065,34.97461175918579,37.03952723395109,56.39490509033203,13,32,35,37,56,"University of Michigan, Computer Science and Engineering",2024-11-20,DeepOutbreak
Tennessee,TN,1,2024-11-23,2024-11-30,UM-DeepOutbreak,36.34278381347656,123.3140688330078,157.7349777221679,191.55723854003907,278.5285235595703,36,123,158,192,279,"University of Michigan, Computer Science and Engineering",2024-11-20,DeepOutbreak
Vermont,VT,1,2024-11-23,2024-11-30,UM-DeepOutbreak,0,0,14.769505977630612,27.392994403747508,40.33878421783447,0,0,15,27,40,"University of Michigan, Computer Science and Engineering",2024-11-20,DeepOutbreak
West Virginia,WV,1,2024-11-23,2024-11-30,UM-DeepOutbreak,54.340728759765625,75.09929585075379,89.61371770501137,103.32271647834776,124.08128356933594,54,75,90,103,124,"University of Michigan, Computer Science and Engineering",2024-11-20,DeepOutbreak
Alabama,AL,2,2024-11-23,2024-12-07,UM-DeepOutbreak,5.799486083984391,102.48595490859996,160.4772186279297,203.6932137925719,300.3796826171875,6,102,160,204,300,"University of Michigan, Computer Science and Engineering",2024-11-20,DeepOutbreak
Connecticut,CT,2,2024-11-23,2024-12-07,UM-DeepOutbreak,38.253387451171875,115.34253324127198,149.9127426147461,180.94860445404052,258.0377502441406,38,115,150,181,258,"University of Michigan, Computer Science and Engineering",2024-11-20,DeepOutbreak
Hawaii,HI,2,2024-11-23,2024-12-07,UM-DeepOutbreak,25.883057250976563,34.73430098781586,49.2916764831543,60.41663895359039,69.26788269042969,26,35,49,60,69,"University of Michigan, Computer Science and Engineering",2024-11-20,DeepOutbreak
Idaho,ID,2,2024-11-23,2024-12-07,UM-DeepOutbreak,0,14.966602525434496,27.46741199493408,39.40457133320808,69.7341902923584,0,15,27,39,70,"University of Michigan, Computer Science and Engineering",2024-11-20,DeepOutbreak
New Mexico,NM,2,2024-11-23,2024-12-07,UM-DeepOutbreak,8.701981201171876,47.84130046954155,63.47639629364015,77.50135089764595,116.64067016601562,9,48,63,78,117,"University of Michigan, Computer Science and Engineering",2024-11-20,DeepOutbreak
North Dakota,ND,2,2024-11-23,2024-12-07,UM-DeepOutbreak,0,11.672710061645502,22.453346252441406,29.527477621459965,47.09807937622071,0,12,22,30,47,"University of Michigan, Computer Science and Engineering",2024-11-20,DeepOutbreak
Oregon,OR,2,2024-11-23,2024-12-07,UM-DeepOutbreak,0,53.35322182595729,92.1616827392578,129.41839987814427,186.63762664794925,0,53,92,129,187,"University of Michigan, Computer Science and Engineering",2024-11-20,DeepOutbreak
Rhode Island,RI,2,2024-11-23,2024-12-07,UM-DeepOutbreak,0,15.488889638824462,29.156935348510743,38.0276165562439,54.05481243133545,0,15,29,38,54,"University of Michigan, Computer Science and Engineering",2024-11-20,DeepOutbreak
South Carolina,SC,2,2024-11-23,2024-12-07,UM-DeepOutbreak,57.32061195373535,145.89264920555115,171.18748474121097,195.06316134132385,283.63519859313965,57,146,171,195,284,"University of Michigan, Computer Science and Engineering",2024-11-20,DeepOutbreak
South Dakota,SD,2,2024-11-23,2024-12-07,UM-DeepOutbreak,22.55189323425293,35.480213600432876,41.821547746658325,48.156512778961655,61.0848331451416,23,35,42,48,61,"University of Michigan, Computer Science and Engineering",2024-11-20,DeepOutbreak
Tennessee,TN,2,2024-11-23,2024-12-07,UM-DeepOutbreak,52.53868103027344,131.45780359832767,204.01705932617188,271.0079251614379,349.9270477294922,53,131,204,271,350,"University of Michigan, Computer Science and Engineering",2024-11-20,DeepOutbreak
Vermont,VT,2,2024-11-23,2024-12-07,UM-DeepOutbreak,0,1.2374665880775488,16.35948371887207,27.278179392757412,44.76197208404541,0,1,16,27,45,"University of Michigan, Computer Science and Engineering",2024-11-20,DeepOutbreak
West Virginia,WV,2,2024-11-23,2024-12-07,UM-DeepOutbreak,18.33233642578125,64.13009303951263,87.36565828323364,105.03616672611236,150.83392333984375,18,64,87,105,151,"University of Michigan, Computer Science and Engineering",2024-11-20,DeepOutbreak
Alabama,AL,0,2024-11-23,2024-11-23,UMass-ar6_pooled,57.8525490070506,81.9110894522238,97.3541579223391,114.586376860863,149.990526448698,58,82,97,115,150,UMass-Amherst,2024-11-20,AR(6) model with pooling
Connecticut,CT,0,2024-11-23,2024-11-23,UMass-ar6_pooled,23.5419051116942,50.8394218861127,69.8297211961671,91.767532951511,149.980662340168,24,51,70,92,150,UMass-Amherst,2024-11-20,AR(6) model with pooling
Hawaii,HI,0,2024-11-23,2024-11-23,UMass-ar6_pooled,10.6515515126392,19.5001806600224,24.9093396880987,31.1816346128225,44.7206048169551,11,20,25,31,45,UMass-Amherst,2024-11-20,AR(6) model with pooling
Idaho,ID,0,2024-11-23,2024-11-23,UMass-ar6_pooled,12.593592030678,20.8234941798043,25.7970245514708,31.6639101751472,44.5711118163287,13,21,26,32,45,UMass-Amherst,2024-11-20,AR(6) model with pooling
North Dakota,ND,0,2024-11-23,2024-11-23,UMass-ar6_pooled,4.41403074355186,9.16568312329566,12.2757046111768,16.1146747100803,25.4465035517512,4,9,12,16,25,UMass-Amherst,2024-11-20,AR(6) model with pooling
Oregon,OR,0,2024-11-23,2024-11-23,UMass-ar6_pooled,46.3770182310084,63.1419877650342,73.294526735149,83.5638330911555,106.280343306059,46,63,73,84,106,UMass-Amherst,2024-11-20,AR(6) model with pooling
Rhode Island,RI,0,2024-11-23,2024-11-23,UMass-ar6_pooled,8.08096523908281,17.0713301427259,23.2723366611477,30.3145196465525,47.9143856700295,8,17,23,30,48,UMass-Amherst,2024-11-20,AR(6) model with pooling
South Carolina,SC,0,2024-11-23,2024-11-23,UMass-ar6_pooled,44.1603631663542,65.2197883032034,78.3011710085674,91.745345921294,123.445881372594,44,65,78,92,123,UMass-Amherst,2024-11-20,AR(6) model with pooling
Tennessee,TN,0,2024-11-23,2024-11-23,UMass-ar6_pooled,97.2318490726784,142.053663986386,169.055240687497,199.511799243161,274.125359114507,97,142,169,200,274,UMass-Amherst,2024-11-20,AR(6) model with pooling
Vermont,VT,0,2024-11-23,2024-11-23,UMass-ar6_pooled,3.00044798611478,7.42278712937514,10.5082857370531,14.0113461837845,23.5029052647936,3,7,11,14,24,UMass-Amherst,2024-11-20,AR(6) model with pooling
West Virginia,WV,0,2024-11-23,2024-11-23,UMass-ar6_pooled,45.6490348077359,63.5424414184735,74.7652561684603,86.628109137929,114.310263238877,46,64,75,87,114,UMass-Amherst,2024-11-20,AR(6) model with pooling
Alabama,AL,1,2024-11-23,2024-11-30,UMass-ar6_pooled,54.0522615655714,87.5643169003195,111.854962083607,140.222115497458,204.506950774706,54,88,112,140,205,UMass-Amherst,2024-11-20,AR(6) model with pooling
Connecticut,CT,1,2024-11-23,2024-11-30,UMass-ar6_pooled,10.7918094799761,44.1327932311791,70.3804853699034,104.172126284312,198.629829367686,11,44,70,104,199,UMass-Amherst,2024-11-20,AR(6) model with pooling
Hawaii,HI,1,2024-11-23,2024-11-30,UMass-ar6_pooled,9.03856145939842,21.6364277474503,30.4855173172471,41.1821598186418,65.5316031274704,9,22,30,41,66,UMass-Amherst,2024-11-20,AR(6) model with pooling
Idaho,ID,1,2024-11-23,2024-11-30,UMass-ar6_pooled,10.1121283562879,21.6086068407866,29.4509245302985,39.3596687119252,60.4604537169551,10,22,29,39,60,UMass-Amherst,2024-11-20,AR(6) model with pooling
North Dakota,ND,1,2024-11-23,2024-11-30,UMass-ar6_pooled,2.67137059679683,9.06657968884831,13.7617209160553,20.0762114284264,35.6431809931974,3,9,14,20,36,UMass-Amherst,2024-11-20,AR(6) model with pooling
Oregon,OR,1,2024-11-23,2024-11-30,UMass-ar6_pooled,43.2895958377239,65.9847814371292,81.8987826951725,98.2993420788338,137.741249857573,43,66,82,98,138,UMass-Amherst,2024-11-20,AR(6) model with pooling
Rhode Island,RI,1,2024-11-23,2024-11-30,UMass-ar6_pooled,5.06932291744327,16.4531080854492,25.18743113084,37.1576022428498,69.6511337512846,5,16,25,37,70,UMass-Amherst,2024-11-20,AR(6) model with pooling
South Carolina,SC,1,2024-11-23,2024-11-30,UMass-ar6_pooled,37.4249317672543,66.0541176056843,87.0753368881279,108.741074211925,158.927944578223,37,66,87,109,159,UMass-Amherst,2024-11-20,AR(6) model with pooling
Tennessee,TN,1,2024-11-23,2024-11-30,UMass-ar6_pooled,85.7024866287792,152.63492976731,197.025801798903,243.80506506979,367.740679163696,86,153,197,244,368,UMass-Amherst,2024-11-20,AR(6) model with pooling
Vermont,VT,1,2024-11-23,2024-11-30,UMass-ar6_pooled,1.29572233349489,6.44889360287156,10.8692723473489,16.6307056029234,31.0564900820106,1,6,11,17,31,UMass-Amherst,2024-11-20,AR(6) model with pooling
West Virginia,WV,1,2024-11-23,2024-11-30,UMass-ar6_pooled,44.0723526282066,68.6667029998301,85.7190455896425,104.883814351036,154.554215191349,44,69,86,105,155,UMass-Amherst,2024-11-20,AR(6) model with pooling
Alabama,AL,2,2024-11-23,2024-12-07,UMass-ar6_pooled,47.3064431633555,92.9022444943948,123.190730429088,162.251212737922,251.71911934539,47,93,123,162,252,UMass-Amherst,2024-11-20,AR(6) model with pooling
Connecticut,CT,2,2024-11-23,2024-12-07,UMass-ar6_pooled,4.66284171703675,40.174835447769,73.3950323559953,120.256530389522,265.245649702852,5,40,73,120,265,UMass-Amherst,2024-11-20,AR(6) model with pooling
Hawaii,HI,2,2024-11-23,2024-12-07,UMass-ar6_pooled,7.15646393500008,23.366937521203,35.482238663488,50.9510328027237,91.8579439452393,7,23,35,51,92,UMass-Amherst,2024-11-20,AR(6) model with pooling
Idaho,ID,2,2024-11-23,2024-12-07,UMass-ar6_pooled,7.93127093769868,20.9792374174073,31.4346277091098,44.9301956227443,76.4967476220324,8,21,31,45,76,UMass-Amherst,2024-11-20,AR(6) model with pooling
North Dakota,ND,2,2024-11-23,2024-12-07,UMass-ar6_pooled,1.62436449402866,8.59074050765566,15.2742672920956,23.8124733668618,48.0446793619488,2,9,15,24,48,UMass-Amherst,2024-11-20,AR(6) model with pooling
Oregon,OR,2,2024-11-23,2024-12-07,UMass-ar6_pooled,38.7977317634151,68.7847072233105,89.2491013224233,111.218348502952,165.720252572685,39,69,89,111,166,UMass-Amherst,2024-11-20,AR(6) model with pooling
Rhode Island,RI,2,2024-11-23,2024-12-07,UMass-ar6_pooled,2.70882461285763,14.9948717478768,26.0350783587698,42.3699504918431,91.0478328719005,3,15,26,42,91,UMass-Amherst,2024-11-20,AR(6) model with pooling
South Carolina,SC,2,2024-11-23,2024-12-07,UMass-ar6_pooled,28.8114229909706,67.5677892836064,95.2260600280443,124.14463494963,197.306347360546,29,68,95,124,197,UMass-Amherst,2024-11-20,AR(6) model with pooling
Tennessee,TN,2,2024-11-23,2024-12-07,UMass-ar6_pooled,79.834971034557,158.801660287515,215.729661877834,284.00341384031,447.728022324299,80,159,216,284,448,UMass-Amherst,2024-11-20,AR(6) model with pooling
Vermont,VT,2,2024-11-23,2024-12-07,UMass-ar6_pooled,0,5.7852407888448,11.0969666546884,19.0378680617927,43.0243670217403,0,6,11,19,43,UMass-Amherst,2024-11-20,AR(6) model with pooling
West Virginia,WV,2,2024-11-23,2024-12-07,UMass-ar6_pooled,39.2795596914816,70.9556914171887,92.5727327498916,120.976852001486,191.575009916229,39,71,93,121,192,UMass-Amherst,2024-11-20,AR(6) model with pooling
Alabama,AL,0,2024-11-23,2024-11-23,UMass-gbqr,42.667259294407,76.3909958483105,91.4909425223893,106.279557954383,164.06549694435,43,76,91,106,164,UMass-Amherst,2024-11-20,gradient boosting quantile regression
Connecticut,CT,0,2024-11-23,2024-11-23,UMass-gbqr,27.598223926981,59.5243613719912,93.8255720392992,124.938387270534,154.680659024007,28,60,94,125,155,UMass-Amherst,2024-11-20,gradient boosting quantile regression
Hawaii,HI,0,2024-11-23,2024-11-23,UMass-gbqr,8.98984948057922,17.6627405071595,24.6622034663345,30.1413877178367,46.7285319828787,9,18,25,30,47,UMass-Amherst,2024-11-20,gradient boosting quantile regression
Idaho,ID,0,2024-11-23,2024-11-23,UMass-gbqr,9.38636241585155,20.4663109788479,26.2571603571485,31.4451607435565,46.5260255329623,9,20,26,31,47,UMass-Amherst,2024-11-20,gradient boosting quantile regression
North Dakota,ND,0,2024-11-23,2024-11-23,UMass-gbqr,4.38279138087909,8.65178188954249,12.5942908630881,14.5293085153456,23.0609623502529,4,9,13,15,23,UMass-Amherst,2024-11-20,gradient boosting quantile regression
Oregon,OR,0,2024-11-23,2024-11-23,UMass-gbqr,33.7957585704148,60.4510568279414,79.4601670839146,86.1980532316946,117.898827525439,34,60,79,86,118,UMass-Amherst,2024-11-20,gradient boosting quantile regression
Rhode Island,RI,0,2024-11-23,2024-11-23,UMass-gbqr,8.68612205245074,16.2693665196848,23.7471142314832,29.2398908975522,39.5339189540869,9,16,24,29,40,UMass-Amherst,2024-11-20,gradient boosting quantile regression
South Carolina,SC,0,2024-11-23,2024-11-23,UMass-gbqr,24.8481044201424,61.0912356369844,79.3287732575769,105.735936985436,134.073637110422,25,61,79,106,134,UMass-Amherst,2024-11-20,gradient boosting quantile regression
Tennessee,TN,0,2024-11-23,2024-11-23,UMass-gbqr,81.1915580432229,137.303930884575,163.605238302267,196.438940589916,268.45969227211,81,137,164,196,268,UMass-Amherst,2024-11-20,gradient boosting quantile regression
Vermont,VT,0,2024-11-23,2024-11-23,UMass-gbqr,3.6089483491538,9.38519587152659,13.2346614184334,17.6598771772172,22.0999558888133,4,9,13,18,22,UMass-Amherst,2024-11-20,gradient boosting quantile regression
West Virginia,WV,0,2024-11-23,2024-11-23,UMass-gbqr,33.0235659175659,56.5898061544019,74.1323032644161,87.3599053493335,121.655857282275,33,57,74,87,122,UMass-Amherst,2024-11-20,gradient boosting quantile regression
Alabama,AL,1,2024-11-23,2024-11-30,UMass-gbqr,39.4598932239569,71.6501166881878,94.3544229383682,113.363131597714,167.312784783434,39,72,94,113,167,UMass-Amherst,2024-11-20,gradient boosting quantile regression
Connecticut,CT,1,2024-11-23,2024-11-30,UMass-gbqr,23.4172731694019,57.7520680705135,94.1143497320532,132.726364294786,159.331472620271,23,58,94,133,159,UMass-Amherst,2024-11-20,gradient boosting quantile regression
Hawaii,HI,1,2024-11-23,2024-11-30,UMass-gbqr,8.37526022239303,17.7766890802389,25.1229995487026,35.5304285958219,53.8074129231847,8,18,25,36,54,UMass-Amherst,2024-11-20,gradient boosting quantile regression
Idaho,ID,1,2024-11-23,2024-11-30,UMass-gbqr,7.82431148741829,20.4214150777281,26.9121052265933,35.1350269293493,48.2925939559496,8,20,27,35,48,UMass-Amherst,2024-11-20,gradient boosting quantile regression
North Dakota,ND,1,2024-11-23,2024-11-30,UMass-gbqr,3.97113199111873,8.83638927485758,12.7562042206897,14.8163916750854,24.8735363003494,4,9,13,15,25,UMass-Amherst,2024-11-20,gradient boosting quantile regression
Oregon,OR,1,2024-11-23,2024-11-30,UMass-gbqr,28.0960153897269,58.2903881882853,83.966864382601,96.8977710849014,126.833890399002,28,58,84,97,127,UMass-Amherst,2024-11-20,gradient boosting quantile regression
Rhode Island,RI,1,2024-11-23,2024-11-30,UMass-gbqr,8.03465789215517,16.0049963634966,25.2301888336771,31.099276922376,41.5734737563622,8,16,25,31,42,UMass-Amherst,2024-11-20,gradient boosting quantile regression
South Carolina,SC,1,2024-11-23,2024-11-30,UMass-gbqr,21.0611000067652,54.5525380306342,83.4631908349528,114.345415361936,143.371474242802,21,55,83,114,143,UMass-Amherst,2024-11-20,gradient boosting quantile regression
Tennessee,TN,1,2024-11-23,2024-11-30,UMass-gbqr,76.2563564637816,139.018632385935,175.80800551463,198.528651221182,282.730034324297,76,139,176,199,283,UMass-Amherst,2024-11-20,gradient boosting quantile regression
Vermont,VT,1,2024-11-23,2024-11-30,UMass-gbqr,3.20193499216158,9.40450266447167,13.8579396577641,18.360837438651,24.0973045614253,3,9,14,18,24,UMass-Amherst,2024-11-20,gradient boosting quantile regression
West Virginia,WV,1,2024-11-23,2024-11-30,UMass-gbqr,29.6534118936144,55.1205602294186,78.2197629818902,89.6427709129921,121.655857282275,30,55,78,90,122,UMass-Amherst,2024-11-20,gradient boosting quantile regression
Alabama,AL,2,2024-11-23,2024-12-07,UMass-gbqr,33.3790987427519,64.4092387913333,92.4663580754179,116.355960317851,170.620530630473,33,64,92,116,171,UMass-Amherst,2024-11-20,gradient boosting quantile regression
Connecticut,CT,2,2024-11-23,2024-12-07,UMass-gbqr,19.3384525270059,58.698813069597,97.30274894573,142.250364204872,164.117414326907,19,59,97,142,164,UMass-Amherst,2024-11-20,gradient boosting quantile regression
Hawaii,HI,2,2024-11-23,2024-12-07,UMass-gbqr,7.59028426411301,15.0813546571209,24.9785298313794,35.3654643958496,54.8743590831798,8,15,25,35,55,UMass-Amherst,2024-11-20,gradient boosting quantile regression
Idaho,ID,2,2024-11-23,2024-12-07,UMass-gbqr,7.57556610366332,17.7038113562705,26.6854002630956,35.6860236064628,52.4456326863815,8,18,27,36,52,UMass-Amherst,2024-11-20,gradient boosting quantile regression
North Dakota,ND,2,2024-11-23,2024-12-07,UMass-gbqr,3.8280524936979,8.38006130966218,12.3453421901243,14.72608034939,26.6693113135268,4,8,12,15,27,UMass-Amherst,2024-11-20,gradient boosting quantile regression
Oregon,OR,2,2024-11-23,2024-12-07,UMass-gbqr,22.8749340862463,54.8343676768259,82.2168979102561,98.2808778646917,142.264906005027,23,55,82,98,142,UMass-Amherst,2024-11-20,gradient boosting quantile regression
Rhode Island,RI,2,2024-11-23,2024-12-07,UMass-gbqr,7.17561657836707,16.1780483556496,24.7623168630577,30.5722898920311,43.9608512541045,7,16,25,31,44,UMass-Amherst,2024-11-20,gradient boosting quantile regression
South Carolina,SC,2,2024-11-23,2024-12-07,UMass-gbqr,15.4073920774131,52.2326132485686,80.5266145134837,113.800972563728,142.929401574146,15,52,81,114,143,UMass-Amherst,2024-11-20,gradient boosting quantile regression
Tennessee,TN,2,2024-11-23,2024-12-07,UMass-gbqr,66.2652618212754,122.403344237445,178.845822550698,214.057490887769,291.112112319737,66,122,179,214,291,UMass-Amherst,2024-11-20,gradient boosting quantile regression
Vermont,VT,2,2024-11-23,2024-12-07,UMass-gbqr,2.56771255696399,9.4688777584788,14.3085606059408,19.1613081442701,26.5549408168419,3,9,14,19,27,UMass-Amherst,2024-11-20,gradient boosting quantile regression
West Virginia,WV,2,2024-11-23,2024-12-07,UMass-gbqr,26.8421385378609,51.678468130492,78.1671973067139,91.5944812655935,128.899340336704,27,52,78,92,129,UMass-Amherst,2024-11-20,gradient boosting quantile regression
