output_type,output_type_id,value,reference_date,target,horizon,target_end_date,location
quantile,0.01,0,2025-05-03,wk inc covid hosp,0,2025-05-03,02
quantile,0.025,0,2025-05-03,wk inc covid hosp,0,2025-05-03,02
quantile,0.05,0,2025-05-03,wk inc covid hosp,0,2025-05-03,02
quantile,0.1,1,2025-05-03,wk inc covid hosp,0,2025-05-03,02
quantile,0.15,1,2025-05-03,wk inc covid hosp,0,2025-05-03,02
quantile,0.2,2,2025-05-03,wk inc covid hosp,0,2025-05-03,02
quantile,0.25,2,2025-05-03,wk inc covid hosp,0,2025-05-03,02
quantile,0.3,2,2025-05-03,wk inc covid hosp,0,2025-05-03,02
quantile,0.35,3,2025-05-03,wk inc covid hosp,0,2025-05-03,02
quantile,0.4,3,2025-05-03,wk inc covid hosp,0,2025-05-03,02
quantile,0.45,3,2025-05-03,wk inc covid hosp,0,2025-05-03,02
quantile,0.5,4,2025-05-03,wk inc covid hosp,0,2025-05-03,02
quantile,0.55,4,2025-05-03,wk inc covid hosp,0,2025-05-03,02
quantile,0.6,4,2025-05-03,wk inc covid hosp,0,2025-05-03,02
quantile,0.65,5,2025-05-03,wk inc covid hosp,0,2025-05-03,02
quantile,0.7,5,2025-05-03,wk inc covid hosp,0,2025-05-03,02
quantile,0.75,6,2025-05-03,wk inc covid hosp,0,2025-05-03,02
quantile,0.8,6,2025-05-03,wk inc covid hosp,0,2025-05-03,02
quantile,0.85,7,2025-05-03,wk inc covid hosp,0,2025-05-03,02
quantile,0.9,8,2025-05-03,wk inc covid hosp,0,2025-05-03,02
quantile,0.95,10,2025-05-03,wk inc covid hosp,0,2025-05-03,02
quantile,0.975,12,2025-05-03,wk inc covid hosp,0,2025-05-03,02
quantile,0.99,16,2025-05-03,wk inc covid hosp,0,2025-05-03,02
quantile,0.01,0,2025-05-03,wk inc covid hosp,1,2025-05-10,02
quantile,0.025,0,2025-05-03,wk inc covid hosp,1,2025-05-10,02
quantile,0.05,0,2025-05-03,wk inc covid hosp,1,2025-05-10,02
quantile,0.1,1,2025-05-03,wk inc covid hosp,1,2025-05-10,02
quantile,0.15,1,2025-05-03,wk inc covid hosp,1,2025-05-10,02
quantile,0.2,1,2025-05-03,wk inc covid hosp,1,2025-05-10,02
quantile,0.25,2,2025-05-03,wk inc covid hosp,1,2025-05-10,02
quantile,0.3,2,2025-05-03,wk inc covid hosp,1,2025-05-10,02
quantile,0.35,2,2025-05-03,wk inc covid hosp,1,2025-05-10,02
quantile,0.4,2,2025-05-03,wk inc covid hosp,1,2025-05-10,02
quantile,0.45,3,2025-05-03,wk inc covid hosp,1,2025-05-10,02
quantile,0.5,3,2025-05-03,wk inc covid hosp,1,2025-05-10,02
quantile,0.55,4,2025-05-03,wk inc covid hosp,1,2025-05-10,02
quantile,0.6,4,2025-05-03,wk inc covid hosp,1,2025-05-10,02
quantile,0.65,4,2025-05-03,wk inc covid hosp,1,2025-05-10,02
quantile,0.7,5,2025-05-03,wk inc covid hosp,1,2025-05-10,02
quantile,0.75,5,2025-05-03,wk inc covid hosp,1,2025-05-10,02
quantile,0.8,6,2025-05-03,wk inc covid hosp,1,2025-05-10,02
quantile,0.85,7,2025-05-03,wk inc covid hosp,1,2025-05-10,02
quantile,0.9,9,2025-05-03,wk inc covid hosp,1,2025-05-10,02
quantile,0.95,12,2025-05-03,wk inc covid hosp,1,2025-05-10,02
quantile,0.975,16,2025-05-03,wk inc covid hosp,1,2025-05-10,02
quantile,0.99,20,2025-05-03,wk inc covid hosp,1,2025-05-10,02
quantile,0.01,35.980000000000004,2025-05-03,wk inc covid hosp,0,2025-05-03,01
quantile,0.025,40.475,2025-05-03,wk inc covid hosp,0,2025-05-03,01
quantile,0.05,44.900000000000006,2025-05-03,wk inc covid hosp,0,2025-05-03,01
quantile,0.1,49,2025-05-03,wk inc covid hosp,0,2025-05-03,01
quantile,0.15,53,2025-05-03,wk inc covid hosp,0,2025-05-03,01
quantile,0.2,56,2025-05-03,wk inc covid hosp,0,2025-05-03,01
quantile,0.25,58,2025-05-03,wk inc covid hosp,0,2025-05-03,01
quantile,0.3,61,2025-05-03,wk inc covid hosp,0,2025-05-03,01
quantile,0.35,63,2025-05-03,wk inc covid hosp,0,2025-05-03,01
quantile,0.4,66,2025-05-03,wk inc covid hosp,0,2025-05-03,01
quantile,0.45,68,2025-05-03,wk inc covid hosp,0,2025-05-03,01
quantile,0.5,70,2025-05-03,wk inc covid hosp,0,2025-05-03,01
quantile,0.55,72,2025-05-03,wk inc covid hosp,0,2025-05-03,01
quantile,0.6,74,2025-05-03,wk inc covid hosp,0,2025-05-03,01
quantile,0.65,77,2025-05-03,wk inc covid hosp,0,2025-05-03,01
quantile,0.7,80,2025-05-03,wk inc covid hosp,0,2025-05-03,01
quantile,0.75,84,2025-05-03,wk inc covid hosp,0,2025-05-03,01
quantile,0.8,87,2025-05-03,wk inc covid hosp,0,2025-05-03,01
quantile,0.85,91,2025-05-03,wk inc covid hosp,0,2025-05-03,01
quantile,0.9,98,2025-05-03,wk inc covid hosp,0,2025-05-03,01
quantile,0.95,108.09999999999991,2025-05-03,wk inc covid hosp,0,2025-05-03,01
quantile,0.975,117.52499999999998,2025-05-03,wk inc covid hosp,0,2025-05-03,01
quantile,0.99,126.02999999999997,2025-05-03,wk inc covid hosp,0,2025-05-03,01
quantile,0.01,16,2025-05-03,wk inc covid hosp,1,2025-05-10,01
quantile,0.025,21.475,2025-05-03,wk inc covid hosp,1,2025-05-10,01
quantile,0.05,26,2025-05-03,wk inc covid hosp,1,2025-05-10,01
quantile,0.1,32,2025-05-03,wk inc covid hosp,1,2025-05-10,01
quantile,0.15,34.849999999999994,2025-05-03,wk inc covid hosp,1,2025-05-10,01
quantile,0.2,38,2025-05-03,wk inc covid hosp,1,2025-05-10,01
quantile,0.25,42,2025-05-03,wk inc covid hosp,1,2025-05-10,01
quantile,0.3,45,2025-05-03,wk inc covid hosp,1,2025-05-10,01
quantile,0.35,48,2025-05-03,wk inc covid hosp,1,2025-05-10,01
quantile,0.4,52,2025-05-03,wk inc covid hosp,1,2025-05-10,01
quantile,0.45,56,2025-05-03,wk inc covid hosp,1,2025-05-10,01
quantile,0.5,59,2025-05-03,wk inc covid hosp,1,2025-05-10,01
quantile,0.55,63,2025-05-03,wk inc covid hosp,1,2025-05-10,01
quantile,0.6,67,2025-05-03,wk inc covid hosp,1,2025-05-10,01
quantile,0.65,71,2025-05-03,wk inc covid hosp,1,2025-05-10,01
quantile,0.7,76.29999999999995,2025-05-03,wk inc covid hosp,1,2025-05-10,01
quantile,0.75,84.25,2025-05-03,wk inc covid hosp,1,2025-05-10,01
quantile,0.8,93,2025-05-03,wk inc covid hosp,1,2025-05-10,01
quantile,0.85,102,2025-05-03,wk inc covid hosp,1,2025-05-10,01
quantile,0.9,115,2025-05-03,wk inc covid hosp,1,2025-05-10,01
quantile,0.95,138,2025-05-03,wk inc covid hosp,1,2025-05-10,01
quantile,0.975,163.6249999999999,2025-05-03,wk inc covid hosp,1,2025-05-10,01
quantile,0.99,190.05999999999995,2025-05-03,wk inc covid hosp,1,2025-05-10,01
quantile,0.01,2,2025-05-03,wk inc covid hosp,0,2025-05-03,05
quantile,0.025,3,2025-05-03,wk inc covid hosp,0,2025-05-03,05
quantile,0.05,4,2025-05-03,wk inc covid hosp,0,2025-05-03,05
quantile,0.1,5,2025-05-03,wk inc covid hosp,0,2025-05-03,05
quantile,0.15,6,2025-05-03,wk inc covid hosp,0,2025-05-03,05
quantile,0.2,7,2025-05-03,wk inc covid hosp,0,2025-05-03,05
quantile,0.25,8,2025-05-03,wk inc covid hosp,0,2025-05-03,05
quantile,0.3,9,2025-05-03,wk inc covid hosp,0,2025-05-03,05
quantile,0.35,9.649999999999977,2025-05-03,wk inc covid hosp,0,2025-05-03,05
quantile,0.4,10,2025-05-03,wk inc covid hosp,0,2025-05-03,05
quantile,0.45,11,2025-05-03,wk inc covid hosp,0,2025-05-03,05
quantile,0.5,12,2025-05-03,wk inc covid hosp,0,2025-05-03,05
quantile,0.55,13,2025-05-03,wk inc covid hosp,0,2025-05-03,05
quantile,0.6,13,2025-05-03,wk inc covid hosp,0,2025-05-03,05
quantile,0.65,14,2025-05-03,wk inc covid hosp,0,2025-05-03,05
quantile,0.7,16,2025-05-03,wk inc covid hosp,0,2025-05-03,05
quantile,0.75,17,2025-05-03,wk inc covid hosp,0,2025-05-03,05
quantile,0.8,19,2025-05-03,wk inc covid hosp,0,2025-05-03,05
quantile,0.85,21,2025-05-03,wk inc covid hosp,0,2025-05-03,05
quantile,0.9,24,2025-05-03,wk inc covid hosp,0,2025-05-03,05
quantile,0.95,30,2025-05-03,wk inc covid hosp,0,2025-05-03,05
quantile,0.975,36,2025-05-03,wk inc covid hosp,0,2025-05-03,05
quantile,0.99,43,2025-05-03,wk inc covid hosp,0,2025-05-03,05
quantile,0.01,0,2025-05-03,wk inc covid hosp,1,2025-05-10,05
quantile,0.025,1,2025-05-03,wk inc covid hosp,1,2025-05-10,05
quantile,0.05,1,2025-05-03,wk inc covid hosp,1,2025-05-10,05
quantile,0.1,2,2025-05-03,wk inc covid hosp,1,2025-05-10,05
quantile,0.15,2,2025-05-03,wk inc covid hosp,1,2025-05-10,05
quantile,0.2,3,2025-05-03,wk inc covid hosp,1,2025-05-10,05
quantile,0.25,4,2025-05-03,wk inc covid hosp,1,2025-05-10,05
quantile,0.3,4,2025-05-03,wk inc covid hosp,1,2025-05-10,05
quantile,0.35,5,2025-05-03,wk inc covid hosp,1,2025-05-10,05
quantile,0.4,5,2025-05-03,wk inc covid hosp,1,2025-05-10,05
quantile,0.45,6,2025-05-03,wk inc covid hosp,1,2025-05-10,05
quantile,0.5,7,2025-05-03,wk inc covid hosp,1,2025-05-10,05
quantile,0.55,8,2025-05-03,wk inc covid hosp,1,2025-05-10,05
quantile,0.6,9,2025-05-03,wk inc covid hosp,1,2025-05-10,05
quantile,0.65,10,2025-05-03,wk inc covid hosp,1,2025-05-10,05
quantile,0.7,11,2025-05-03,wk inc covid hosp,1,2025-05-10,05
quantile,0.75,12,2025-05-03,wk inc covid hosp,1,2025-05-10,05
quantile,0.8,14,2025-05-03,wk inc covid hosp,1,2025-05-10,05
quantile,0.85,17,2025-05-03,wk inc covid hosp,1,2025-05-10,05
quantile,0.9,20,2025-05-03,wk inc covid hosp,1,2025-05-10,05
quantile,0.95,30,2025-05-03,wk inc covid hosp,1,2025-05-10,05
quantile,0.975,41.04999999999973,2025-05-03,wk inc covid hosp,1,2025-05-10,05
quantile,0.99,60.00999999999999,2025-05-03,wk inc covid hosp,1,2025-05-10,05
quantile,0.01,35,2025-05-03,wk inc covid hosp,0,2025-05-03,09
quantile,0.025,39.475,2025-05-03,wk inc covid hosp,0,2025-05-03,09
quantile,0.05,45,2025-05-03,wk inc covid hosp,0,2025-05-03,09
quantile,0.1,52,2025-05-03,wk inc covid hosp,0,2025-05-03,09
quantile,0.15,56,2025-05-03,wk inc covid hosp,0,2025-05-03,09
quantile,0.2,60,2025-05-03,wk inc covid hosp,0,2025-05-03,09
quantile,0.25,63,2025-05-03,wk inc covid hosp,0,2025-05-03,09
quantile,0.3,66,2025-05-03,wk inc covid hosp,0,2025-05-03,09
quantile,0.35,70,2025-05-03,wk inc covid hosp,0,2025-05-03,09
quantile,0.4,74,2025-05-03,wk inc covid hosp,0,2025-05-03,09
quantile,0.45,77,2025-05-03,wk inc covid hosp,0,2025-05-03,09
quantile,0.5,80,2025-05-03,wk inc covid hosp,0,2025-05-03,09
quantile,0.55,83,2025-05-03,wk inc covid hosp,0,2025-05-03,09
quantile,0.6,87,2025-05-03,wk inc covid hosp,0,2025-05-03,09
quantile,0.65,91,2025-05-03,wk inc covid hosp,0,2025-05-03,09
quantile,0.7,96,2025-05-03,wk inc covid hosp,0,2025-05-03,09
quantile,0.75,103,2025-05-03,wk inc covid hosp,0,2025-05-03,09
quantile,0.8,110,2025-05-03,wk inc covid hosp,0,2025-05-03,09
quantile,0.85,119,2025-05-03,wk inc covid hosp,0,2025-05-03,09
quantile,0.9,132.10000000000014,2025-05-03,wk inc covid hosp,0,2025-05-03,09
quantile,0.95,154,2025-05-03,wk inc covid hosp,0,2025-05-03,09
quantile,0.975,175.52499999999986,2025-05-03,wk inc covid hosp,0,2025-05-03,09
quantile,0.99,213,2025-05-03,wk inc covid hosp,0,2025-05-03,09
quantile,0.01,27,2025-05-03,wk inc covid hosp,1,2025-05-10,09
quantile,0.025,34,2025-05-03,wk inc covid hosp,1,2025-05-10,09
quantile,0.05,38,2025-05-03,wk inc covid hosp,1,2025-05-10,09
quantile,0.1,45.900000000000006,2025-05-03,wk inc covid hosp,1,2025-05-10,09
quantile,0.15,51,2025-05-03,wk inc covid hosp,1,2025-05-10,09
quantile,0.2,56,2025-05-03,wk inc covid hosp,1,2025-05-10,09
quantile,0.25,61,2025-05-03,wk inc covid hosp,1,2025-05-10,09
quantile,0.3,66,2025-05-03,wk inc covid hosp,1,2025-05-10,09
quantile,0.35,71,2025-05-03,wk inc covid hosp,1,2025-05-10,09
quantile,0.4,75.60000000000002,2025-05-03,wk inc covid hosp,1,2025-05-10,09
quantile,0.45,81,2025-05-03,wk inc covid hosp,1,2025-05-10,09
quantile,0.5,85,2025-05-03,wk inc covid hosp,1,2025-05-10,09
quantile,0.55,90,2025-05-03,wk inc covid hosp,1,2025-05-10,09
quantile,0.6,96,2025-05-03,wk inc covid hosp,1,2025-05-10,09
quantile,0.65,105,2025-05-03,wk inc covid hosp,1,2025-05-10,09
quantile,0.7,114,2025-05-03,wk inc covid hosp,1,2025-05-10,09
quantile,0.75,127,2025-05-03,wk inc covid hosp,1,2025-05-10,09
quantile,0.8,142,2025-05-03,wk inc covid hosp,1,2025-05-10,09
quantile,0.85,162,2025-05-03,wk inc covid hosp,1,2025-05-10,09
quantile,0.9,190,2025-05-03,wk inc covid hosp,1,2025-05-10,09
quantile,0.95,267,2025-05-03,wk inc covid hosp,1,2025-05-10,09
quantile,0.975,354.52499999999986,2025-05-03,wk inc covid hosp,1,2025-05-10,09
quantile,0.99,456.15999999999985,2025-05-03,wk inc covid hosp,1,2025-05-10,09
quantile,0.01,1,2025-05-03,wk inc covid hosp,0,2025-05-03,10
quantile,0.025,2,2025-05-03,wk inc covid hosp,0,2025-05-03,10
quantile,0.05,3,2025-05-03,wk inc covid hosp,0,2025-05-03,10
quantile,0.1,5,2025-05-03,wk inc covid hosp,0,2025-05-03,10
quantile,0.15,5,2025-05-03,wk inc covid hosp,0,2025-05-03,10
quantile,0.2,6,2025-05-03,wk inc covid hosp,0,2025-05-03,10
quantile,0.25,7,2025-05-03,wk inc covid hosp,0,2025-05-03,10
quantile,0.3,8,2025-05-03,wk inc covid hosp,0,2025-05-03,10
quantile,0.35,9,2025-05-03,wk inc covid hosp,0,2025-05-03,10
quantile,0.4,10,2025-05-03,wk inc covid hosp,0,2025-05-03,10
quantile,0.45,11,2025-05-03,wk inc covid hosp,0,2025-05-03,10
quantile,0.5,12,2025-05-03,wk inc covid hosp,0,2025-05-03,10
quantile,0.55,13,2025-05-03,wk inc covid hosp,0,2025-05-03,10
quantile,0.6,13,2025-05-03,wk inc covid hosp,0,2025-05-03,10
quantile,0.65,15,2025-05-03,wk inc covid hosp,0,2025-05-03,10
quantile,0.7,16,2025-05-03,wk inc covid hosp,0,2025-05-03,10
quantile,0.75,17,2025-05-03,wk inc covid hosp,0,2025-05-03,10
quantile,0.8,19,2025-05-03,wk inc covid hosp,0,2025-05-03,10
quantile,0.85,21,2025-05-03,wk inc covid hosp,0,2025-05-03,10
quantile,0.9,24,2025-05-03,wk inc covid hosp,0,2025-05-03,10
quantile,0.95,31,2025-05-03,wk inc covid hosp,0,2025-05-03,10
quantile,0.975,36,2025-05-03,wk inc covid hosp,0,2025-05-03,10
quantile,0.99,43,2025-05-03,wk inc covid hosp,0,2025-05-03,10
quantile,0.01,0,2025-05-03,wk inc covid hosp,1,2025-05-10,10
quantile,0.025,1,2025-05-03,wk inc covid hosp,1,2025-05-10,10
quantile,0.05,2,2025-05-03,wk inc covid hosp,1,2025-05-10,10
quantile,0.1,3,2025-05-03,wk inc covid hosp,1,2025-05-10,10
quantile,0.15,4,2025-05-03,wk inc covid hosp,1,2025-05-10,10
quantile,0.2,5,2025-05-03,wk inc covid hosp,1,2025-05-10,10
quantile,0.25,6,2025-05-03,wk inc covid hosp,1,2025-05-10,10
quantile,0.3,6,2025-05-03,wk inc covid hosp,1,2025-05-10,10
quantile,0.35,7,2025-05-03,wk inc covid hosp,1,2025-05-10,10
quantile,0.4,8,2025-05-03,wk inc covid hosp,1,2025-05-10,10
quantile,0.45,9,2025-05-03,wk inc covid hosp,1,2025-05-10,10
quantile,0.5,10,2025-05-03,wk inc covid hosp,1,2025-05-10,10
quantile,0.55,11,2025-05-03,wk inc covid hosp,1,2025-05-10,10
quantile,0.6,13,2025-05-03,wk inc covid hosp,1,2025-05-10,10
quantile,0.65,14,2025-05-03,wk inc covid hosp,1,2025-05-10,10
quantile,0.7,16,2025-05-03,wk inc covid hosp,1,2025-05-10,10
quantile,0.75,18,2025-05-03,wk inc covid hosp,1,2025-05-10,10
quantile,0.8,20,2025-05-03,wk inc covid hosp,1,2025-05-10,10
quantile,0.85,23,2025-05-03,wk inc covid hosp,1,2025-05-10,10
quantile,0.9,27,2025-05-03,wk inc covid hosp,1,2025-05-10,10
quantile,0.95,35,2025-05-03,wk inc covid hosp,1,2025-05-10,10
quantile,0.975,46,2025-05-03,wk inc covid hosp,1,2025-05-10,10
quantile,0.99,73.01999999999998,2025-05-03,wk inc covid hosp,1,2025-05-10,10
quantile,0.01,6.990000000000002,2025-05-03,wk inc covid hosp,0,2025-05-03,15
quantile,0.025,8,2025-05-03,wk inc covid hosp,0,2025-05-03,15
quantile,0.05,10,2025-05-03,wk inc covid hosp,0,2025-05-03,15
quantile,0.1,12,2025-05-03,wk inc covid hosp,0,2025-05-03,15
quantile,0.15,14,2025-05-03,wk inc covid hosp,0,2025-05-03,15
quantile,0.2,15,2025-05-03,wk inc covid hosp,0,2025-05-03,15
quantile,0.25,16,2025-05-03,wk inc covid hosp,0,2025-05-03,15
quantile,0.3,18,2025-05-03,wk inc covid hosp,0,2025-05-03,15
quantile,0.35,19,2025-05-03,wk inc covid hosp,0,2025-05-03,15
quantile,0.4,20,2025-05-03,wk inc covid hosp,0,2025-05-03,15
quantile,0.45,21,2025-05-03,wk inc covid hosp,0,2025-05-03,15
quantile,0.5,22,2025-05-03,wk inc covid hosp,0,2025-05-03,15
quantile,0.55,23,2025-05-03,wk inc covid hosp,0,2025-05-03,15
quantile,0.6,24,2025-05-03,wk inc covid hosp,0,2025-05-03,15
quantile,0.65,26,2025-05-03,wk inc covid hosp,0,2025-05-03,15
quantile,0.7,27,2025-05-03,wk inc covid hosp,0,2025-05-03,15
quantile,0.75,29,2025-05-03,wk inc covid hosp,0,2025-05-03,15
quantile,0.8,31,2025-05-03,wk inc covid hosp,0,2025-05-03,15
quantile,0.85,33,2025-05-03,wk inc covid hosp,0,2025-05-03,15
quantile,0.9,36,2025-05-03,wk inc covid hosp,0,2025-05-03,15
quantile,0.95,41,2025-05-03,wk inc covid hosp,0,2025-05-03,15
quantile,0.975,47.024999999999864,2025-05-03,wk inc covid hosp,0,2025-05-03,15
quantile,0.99,54,2025-05-03,wk inc covid hosp,0,2025-05-03,15
quantile,0.01,3,2025-05-03,wk inc covid hosp,1,2025-05-10,15
quantile,0.025,5,2025-05-03,wk inc covid hosp,1,2025-05-10,15
quantile,0.05,7,2025-05-03,wk inc covid hosp,1,2025-05-10,15
quantile,0.1,10,2025-05-03,wk inc covid hosp,1,2025-05-10,15
quantile,0.15,11,2025-05-03,wk inc covid hosp,1,2025-05-10,15
quantile,0.2,13,2025-05-03,wk inc covid hosp,1,2025-05-10,15
quantile,0.25,15,2025-05-03,wk inc covid hosp,1,2025-05-10,15
quantile,0.3,16,2025-05-03,wk inc covid hosp,1,2025-05-10,15
quantile,0.35,18,2025-05-03,wk inc covid hosp,1,2025-05-10,15
quantile,0.4,20,2025-05-03,wk inc covid hosp,1,2025-05-10,15
quantile,0.45,21,2025-05-03,wk inc covid hosp,1,2025-05-10,15
quantile,0.5,23,2025-05-03,wk inc covid hosp,1,2025-05-10,15
quantile,0.55,24,2025-05-03,wk inc covid hosp,1,2025-05-10,15
quantile,0.6,26,2025-05-03,wk inc covid hosp,1,2025-05-10,15
quantile,0.65,29,2025-05-03,wk inc covid hosp,1,2025-05-10,15
quantile,0.7,31,2025-05-03,wk inc covid hosp,1,2025-05-10,15
quantile,0.75,34,2025-05-03,wk inc covid hosp,1,2025-05-10,15
quantile,0.8,37,2025-05-03,wk inc covid hosp,1,2025-05-10,15
quantile,0.85,41,2025-05-03,wk inc covid hosp,1,2025-05-10,15
quantile,0.9,45,2025-05-03,wk inc covid hosp,1,2025-05-10,15
quantile,0.95,56,2025-05-03,wk inc covid hosp,1,2025-05-10,15
quantile,0.975,65,2025-05-03,wk inc covid hosp,1,2025-05-10,15
quantile,0.99,82.00999999999999,2025-05-03,wk inc covid hosp,1,2025-05-10,15
quantile,0.01,20,2025-05-03,wk inc covid hosp,0,2025-05-03,19
quantile,0.025,22.975,2025-05-03,wk inc covid hosp,0,2025-05-03,19
quantile,0.05,26,2025-05-03,wk inc covid hosp,0,2025-05-03,19
quantile,0.1,29,2025-05-03,wk inc covid hosp,0,2025-05-03,19
quantile,0.15,31,2025-05-03,wk inc covid hosp,0,2025-05-03,19
quantile,0.2,33,2025-05-03,wk inc covid hosp,0,2025-05-03,19
quantile,0.25,35,2025-05-03,wk inc covid hosp,0,2025-05-03,19
quantile,0.3,37,2025-05-03,wk inc covid hosp,0,2025-05-03,19
quantile,0.35,38,2025-05-03,wk inc covid hosp,0,2025-05-03,19
quantile,0.4,40,2025-05-03,wk inc covid hosp,0,2025-05-03,19
quantile,0.45,42,2025-05-03,wk inc covid hosp,0,2025-05-03,19
quantile,0.5,43,2025-05-03,wk inc covid hosp,0,2025-05-03,19
quantile,0.55,45,2025-05-03,wk inc covid hosp,0,2025-05-03,19
quantile,0.6,47,2025-05-03,wk inc covid hosp,0,2025-05-03,19
quantile,0.65,49,2025-05-03,wk inc covid hosp,0,2025-05-03,19
quantile,0.7,51,2025-05-03,wk inc covid hosp,0,2025-05-03,19
quantile,0.75,53,2025-05-03,wk inc covid hosp,0,2025-05-03,19
quantile,0.8,56,2025-05-03,wk inc covid hosp,0,2025-05-03,19
quantile,0.85,60,2025-05-03,wk inc covid hosp,0,2025-05-03,19
quantile,0.9,65,2025-05-03,wk inc covid hosp,0,2025-05-03,19
quantile,0.95,74,2025-05-03,wk inc covid hosp,0,2025-05-03,19
quantile,0.975,83,2025-05-03,wk inc covid hosp,0,2025-05-03,19
quantile,0.99,95.01999999999998,2025-05-03,wk inc covid hosp,0,2025-05-03,19
quantile,0.01,16,2025-05-03,wk inc covid hosp,1,2025-05-10,19
quantile,0.025,18,2025-05-03,wk inc covid hosp,1,2025-05-10,19
quantile,0.05,22.950000000000003,2025-05-03,wk inc covid hosp,1,2025-05-10,19
quantile,0.1,26,2025-05-03,wk inc covid hosp,1,2025-05-10,19
quantile,0.15,29,2025-05-03,wk inc covid hosp,1,2025-05-10,19
quantile,0.2,32,2025-05-03,wk inc covid hosp,1,2025-05-10,19
quantile,0.25,35,2025-05-03,wk inc covid hosp,1,2025-05-10,19
quantile,0.3,37,2025-05-03,wk inc covid hosp,1,2025-05-10,19
quantile,0.35,40,2025-05-03,wk inc covid hosp,1,2025-05-10,19
quantile,0.4,42,2025-05-03,wk inc covid hosp,1,2025-05-10,19
quantile,0.45,45,2025-05-03,wk inc covid hosp,1,2025-05-10,19
quantile,0.5,47,2025-05-03,wk inc covid hosp,1,2025-05-10,19
quantile,0.55,50,2025-05-03,wk inc covid hosp,1,2025-05-10,19
quantile,0.6,53,2025-05-03,wk inc covid hosp,1,2025-05-10,19
quantile,0.65,56,2025-05-03,wk inc covid hosp,1,2025-05-10,19
quantile,0.7,60,2025-05-03,wk inc covid hosp,1,2025-05-10,19
quantile,0.75,65,2025-05-03,wk inc covid hosp,1,2025-05-10,19
quantile,0.8,71,2025-05-03,wk inc covid hosp,1,2025-05-10,19
quantile,0.85,78,2025-05-03,wk inc covid hosp,1,2025-05-10,19
quantile,0.9,88,2025-05-03,wk inc covid hosp,1,2025-05-10,19
quantile,0.95,111.04999999999995,2025-05-03,wk inc covid hosp,1,2025-05-10,19
quantile,0.975,134.02499999999986,2025-05-03,wk inc covid hosp,1,2025-05-10,19
quantile,0.99,175.01999999999998,2025-05-03,wk inc covid hosp,1,2025-05-10,19
quantile,0.01,3,2025-05-03,wk inc covid hosp,0,2025-05-03,16
quantile,0.025,4,2025-05-03,wk inc covid hosp,0,2025-05-03,16
quantile,0.05,5,2025-05-03,wk inc covid hosp,0,2025-05-03,16
quantile,0.1,7,2025-05-03,wk inc covid hosp,0,2025-05-03,16
quantile,0.15,8,2025-05-03,wk inc covid hosp,0,2025-05-03,16
quantile,0.2,9,2025-05-03,wk inc covid hosp,0,2025-05-03,16
quantile,0.25,10,2025-05-03,wk inc covid hosp,0,2025-05-03,16
quantile,0.3,11,2025-05-03,wk inc covid hosp,0,2025-05-03,16
quantile,0.35,11,2025-05-03,wk inc covid hosp,0,2025-05-03,16
quantile,0.4,12,2025-05-03,wk inc covid hosp,0,2025-05-03,16
quantile,0.45,13,2025-05-03,wk inc covid hosp,0,2025-05-03,16
quantile,0.5,14,2025-05-03,wk inc covid hosp,0,2025-05-03,16
quantile,0.55,15,2025-05-03,wk inc covid hosp,0,2025-05-03,16
quantile,0.6,16,2025-05-03,wk inc covid hosp,0,2025-05-03,16
quantile,0.65,16,2025-05-03,wk inc covid hosp,0,2025-05-03,16
quantile,0.7,17,2025-05-03,wk inc covid hosp,0,2025-05-03,16
quantile,0.75,18,2025-05-03,wk inc covid hosp,0,2025-05-03,16
quantile,0.8,20,2025-05-03,wk inc covid hosp,0,2025-05-03,16
quantile,0.85,21,2025-05-03,wk inc covid hosp,0,2025-05-03,16
quantile,0.9,23,2025-05-03,wk inc covid hosp,0,2025-05-03,16
quantile,0.95,27,2025-05-03,wk inc covid hosp,0,2025-05-03,16
quantile,0.975,30,2025-05-03,wk inc covid hosp,0,2025-05-03,16
quantile,0.99,34,2025-05-03,wk inc covid hosp,0,2025-05-03,16
quantile,0.01,1,2025-05-03,wk inc covid hosp,1,2025-05-10,16
quantile,0.025,3,2025-05-03,wk inc covid hosp,1,2025-05-10,16
quantile,0.05,4,2025-05-03,wk inc covid hosp,1,2025-05-10,16
quantile,0.1,5,2025-05-03,wk inc covid hosp,1,2025-05-10,16
quantile,0.15,6,2025-05-03,wk inc covid hosp,1,2025-05-10,16
quantile,0.2,7,2025-05-03,wk inc covid hosp,1,2025-05-10,16
quantile,0.25,8,2025-05-03,wk inc covid hosp,1,2025-05-10,16
quantile,0.3,9,2025-05-03,wk inc covid hosp,1,2025-05-10,16
quantile,0.35,9,2025-05-03,wk inc covid hosp,1,2025-05-10,16
quantile,0.4,10,2025-05-03,wk inc covid hosp,1,2025-05-10,16
quantile,0.45,11,2025-05-03,wk inc covid hosp,1,2025-05-10,16
quantile,0.5,12,2025-05-03,wk inc covid hosp,1,2025-05-10,16
quantile,0.55,13,2025-05-03,wk inc covid hosp,1,2025-05-10,16
quantile,0.6,14,2025-05-03,wk inc covid hosp,1,2025-05-10,16
quantile,0.65,15,2025-05-03,wk inc covid hosp,1,2025-05-10,16
quantile,0.7,16,2025-05-03,wk inc covid hosp,1,2025-05-10,16
quantile,0.75,17,2025-05-03,wk inc covid hosp,1,2025-05-10,16
quantile,0.8,18,2025-05-03,wk inc covid hosp,1,2025-05-10,16
quantile,0.85,20,2025-05-03,wk inc covid hosp,1,2025-05-10,16
quantile,0.9,22,2025-05-03,wk inc covid hosp,1,2025-05-10,16
quantile,0.95,26,2025-05-03,wk inc covid hosp,1,2025-05-10,16
quantile,0.975,30,2025-05-03,wk inc covid hosp,1,2025-05-10,16
quantile,0.99,34.00999999999999,2025-05-03,wk inc covid hosp,1,2025-05-10,16
quantile,0.01,2,2025-05-03,wk inc covid hosp,0,2025-05-03,20
quantile,0.025,3.9750000000000014,2025-05-03,wk inc covid hosp,0,2025-05-03,20
quantile,0.05,5,2025-05-03,wk inc covid hosp,0,2025-05-03,20
quantile,0.1,6,2025-05-03,wk inc covid hosp,0,2025-05-03,20
quantile,0.15,7,2025-05-03,wk inc covid hosp,0,2025-05-03,20
quantile,0.2,8,2025-05-03,wk inc covid hosp,0,2025-05-03,20
quantile,0.25,9,2025-05-03,wk inc covid hosp,0,2025-05-03,20
quantile,0.3,10,2025-05-03,wk inc covid hosp,0,2025-05-03,20
quantile,0.35,11,2025-05-03,wk inc covid hosp,0,2025-05-03,20
quantile,0.4,11,2025-05-03,wk inc covid hosp,0,2025-05-03,20
quantile,0.45,12,2025-05-03,wk inc covid hosp,0,2025-05-03,20
quantile,0.5,13,2025-05-03,wk inc covid hosp,0,2025-05-03,20
quantile,0.55,14,2025-05-03,wk inc covid hosp,0,2025-05-03,20
quantile,0.6,15,2025-05-03,wk inc covid hosp,0,2025-05-03,20
quantile,0.65,16,2025-05-03,wk inc covid hosp,0,2025-05-03,20
quantile,0.7,17,2025-05-03,wk inc covid hosp,0,2025-05-03,20
quantile,0.75,19,2025-05-03,wk inc covid hosp,0,2025-05-03,20
quantile,0.8,20,2025-05-03,wk inc covid hosp,0,2025-05-03,20
quantile,0.85,23,2025-05-03,wk inc covid hosp,0,2025-05-03,20
quantile,0.9,26,2025-05-03,wk inc covid hosp,0,2025-05-03,20
quantile,0.95,31,2025-05-03,wk inc covid hosp,0,2025-05-03,20
quantile,0.975,35.02499999999998,2025-05-03,wk inc covid hosp,0,2025-05-03,20
quantile,0.99,42,2025-05-03,wk inc covid hosp,0,2025-05-03,20
quantile,0.01,1,2025-05-03,wk inc covid hosp,1,2025-05-10,20
quantile,0.025,1,2025-05-03,wk inc covid hosp,1,2025-05-10,20
quantile,0.05,2,2025-05-03,wk inc covid hosp,1,2025-05-10,20
quantile,0.1,3,2025-05-03,wk inc covid hosp,1,2025-05-10,20
quantile,0.15,4,2025-05-03,wk inc covid hosp,1,2025-05-10,20
quantile,0.2,5,2025-05-03,wk inc covid hosp,1,2025-05-10,20
quantile,0.25,6,2025-05-03,wk inc covid hosp,1,2025-05-10,20
quantile,0.3,7,2025-05-03,wk inc covid hosp,1,2025-05-10,20
quantile,0.35,7,2025-05-03,wk inc covid hosp,1,2025-05-10,20
quantile,0.4,8,2025-05-03,wk inc covid hosp,1,2025-05-10,20
quantile,0.45,9,2025-05-03,wk inc covid hosp,1,2025-05-10,20
quantile,0.5,10,2025-05-03,wk inc covid hosp,1,2025-05-10,20
quantile,0.55,11,2025-05-03,wk inc covid hosp,1,2025-05-10,20
quantile,0.6,12,2025-05-03,wk inc covid hosp,1,2025-05-10,20
quantile,0.65,13,2025-05-03,wk inc covid hosp,1,2025-05-10,20
quantile,0.7,14,2025-05-03,wk inc covid hosp,1,2025-05-10,20
quantile,0.75,16,2025-05-03,wk inc covid hosp,1,2025-05-10,20
quantile,0.8,18,2025-05-03,wk inc covid hosp,1,2025-05-10,20
quantile,0.85,20,2025-05-03,wk inc covid hosp,1,2025-05-10,20
quantile,0.9,24,2025-05-03,wk inc covid hosp,1,2025-05-10,20
quantile,0.95,33,2025-05-03,wk inc covid hosp,1,2025-05-10,20
quantile,0.975,40,2025-05-03,wk inc covid hosp,1,2025-05-10,20
quantile,0.99,48.02999999999997,2025-05-03,wk inc covid hosp,1,2025-05-10,20
quantile,0.01,48,2025-05-03,wk inc covid hosp,0,2025-05-03,25
quantile,0.025,56,2025-05-03,wk inc covid hosp,0,2025-05-03,25
quantile,0.05,65.95,2025-05-03,wk inc covid hosp,0,2025-05-03,25
quantile,0.1,75,2025-05-03,wk inc covid hosp,0,2025-05-03,25
quantile,0.15,82,2025-05-03,wk inc covid hosp,0,2025-05-03,25
quantile,0.2,89,2025-05-03,wk inc covid hosp,0,2025-05-03,25
quantile,0.25,96,2025-05-03,wk inc covid hosp,0,2025-05-03,25
quantile,0.3,101,2025-05-03,wk inc covid hosp,0,2025-05-03,25
quantile,0.35,106,2025-05-03,wk inc covid hosp,0,2025-05-03,25
quantile,0.4,111,2025-05-03,wk inc covid hosp,0,2025-05-03,25
quantile,0.45,116,2025-05-03,wk inc covid hosp,0,2025-05-03,25
quantile,0.5,121,2025-05-03,wk inc covid hosp,0,2025-05-03,25
quantile,0.55,128,2025-05-03,wk inc covid hosp,0,2025-05-03,25
quantile,0.6,134,2025-05-03,wk inc covid hosp,0,2025-05-03,25
quantile,0.65,140,2025-05-03,wk inc covid hosp,0,2025-05-03,25
quantile,0.7,147,2025-05-03,wk inc covid hosp,0,2025-05-03,25
quantile,0.75,155,2025-05-03,wk inc covid hosp,0,2025-05-03,25
quantile,0.8,164,2025-05-03,wk inc covid hosp,0,2025-05-03,25
quantile,0.85,174,2025-05-03,wk inc covid hosp,0,2025-05-03,25
quantile,0.9,188.10000000000014,2025-05-03,wk inc covid hosp,0,2025-05-03,25
quantile,0.95,212.0999999999999,2025-05-03,wk inc covid hosp,0,2025-05-03,25
quantile,0.975,233.02499999999986,2025-05-03,wk inc covid hosp,0,2025-05-03,25
quantile,0.99,258,2025-05-03,wk inc covid hosp,0,2025-05-03,25
quantile,0.01,33.99,2025-05-03,wk inc covid hosp,1,2025-05-10,25
quantile,0.025,42,2025-05-03,wk inc covid hosp,1,2025-05-10,25
quantile,0.05,50.95,2025-05-03,wk inc covid hosp,1,2025-05-10,25
quantile,0.1,61,2025-05-03,wk inc covid hosp,1,2025-05-10,25
quantile,0.15,70,2025-05-03,wk inc covid hosp,1,2025-05-10,25
quantile,0.2,77,2025-05-03,wk inc covid hosp,1,2025-05-10,25
quantile,0.25,83,2025-05-03,wk inc covid hosp,1,2025-05-10,25
quantile,0.3,89,2025-05-03,wk inc covid hosp,1,2025-05-10,25
quantile,0.35,95.64999999999998,2025-05-03,wk inc covid hosp,1,2025-05-10,25
quantile,0.4,102,2025-05-03,wk inc covid hosp,1,2025-05-10,25
quantile,0.45,110,2025-05-03,wk inc covid hosp,1,2025-05-10,25
quantile,0.5,118,2025-05-03,wk inc covid hosp,1,2025-05-10,25
quantile,0.55,126,2025-05-03,wk inc covid hosp,1,2025-05-10,25
quantile,0.6,133,2025-05-03,wk inc covid hosp,1,2025-05-10,25
quantile,0.65,141,2025-05-03,wk inc covid hosp,1,2025-05-10,25
quantile,0.7,151,2025-05-03,wk inc covid hosp,1,2025-05-10,25
quantile,0.75,163,2025-05-03,wk inc covid hosp,1,2025-05-10,25
quantile,0.8,178,2025-05-03,wk inc covid hosp,1,2025-05-10,25
quantile,0.85,194,2025-05-03,wk inc covid hosp,1,2025-05-10,25
quantile,0.9,222,2025-05-03,wk inc covid hosp,1,2025-05-10,25
quantile,0.95,273,2025-05-03,wk inc covid hosp,1,2025-05-10,25
quantile,0.975,315.02499999999986,2025-05-03,wk inc covid hosp,1,2025-05-10,25
quantile,0.99,386,2025-05-03,wk inc covid hosp,1,2025-05-10,25
quantile,0.01,23.990000000000002,2025-05-03,wk inc covid hosp,0,2025-05-03,24
quantile,0.025,28,2025-05-03,wk inc covid hosp,0,2025-05-03,24
quantile,0.05,33,2025-05-03,wk inc covid hosp,0,2025-05-03,24
quantile,0.1,37,2025-05-03,wk inc covid hosp,0,2025-05-03,24
quantile,0.15,41,2025-05-03,wk inc covid hosp,0,2025-05-03,24
quantile,0.2,44,2025-05-03,wk inc covid hosp,0,2025-05-03,24
quantile,0.25,46,2025-05-03,wk inc covid hosp,0,2025-05-03,24
quantile,0.3,49,2025-05-03,wk inc covid hosp,0,2025-05-03,24
quantile,0.35,52,2025-05-03,wk inc covid hosp,0,2025-05-03,24
quantile,0.4,54,2025-05-03,wk inc covid hosp,0,2025-05-03,24
quantile,0.45,57,2025-05-03,wk inc covid hosp,0,2025-05-03,24
quantile,0.5,59,2025-05-03,wk inc covid hosp,0,2025-05-03,24
quantile,0.55,62,2025-05-03,wk inc covid hosp,0,2025-05-03,24
quantile,0.6,65,2025-05-03,wk inc covid hosp,0,2025-05-03,24
quantile,0.65,68,2025-05-03,wk inc covid hosp,0,2025-05-03,24
quantile,0.7,71,2025-05-03,wk inc covid hosp,0,2025-05-03,24
quantile,0.75,75,2025-05-03,wk inc covid hosp,0,2025-05-03,24
quantile,0.8,80,2025-05-03,wk inc covid hosp,0,2025-05-03,24
quantile,0.85,85,2025-05-03,wk inc covid hosp,0,2025-05-03,24
quantile,0.9,92,2025-05-03,wk inc covid hosp,0,2025-05-03,24
quantile,0.95,102,2025-05-03,wk inc covid hosp,0,2025-05-03,24
quantile,0.975,117.02499999999986,2025-05-03,wk inc covid hosp,0,2025-05-03,24
quantile,0.99,135.01,2025-05-03,wk inc covid hosp,0,2025-05-03,24
quantile,0.01,11,2025-05-03,wk inc covid hosp,1,2025-05-10,24
quantile,0.025,14.975000000000001,2025-05-03,wk inc covid hosp,1,2025-05-10,24
quantile,0.05,19,2025-05-03,wk inc covid hosp,1,2025-05-10,24
quantile,0.1,25,2025-05-03,wk inc covid hosp,1,2025-05-10,24
quantile,0.15,28,2025-05-03,wk inc covid hosp,1,2025-05-10,24
quantile,0.2,31,2025-05-03,wk inc covid hosp,1,2025-05-10,24
quantile,0.25,35,2025-05-03,wk inc covid hosp,1,2025-05-10,24
quantile,0.3,38,2025-05-03,wk inc covid hosp,1,2025-05-10,24
quantile,0.35,41,2025-05-03,wk inc covid hosp,1,2025-05-10,24
quantile,0.4,44,2025-05-03,wk inc covid hosp,1,2025-05-10,24
quantile,0.45,47,2025-05-03,wk inc covid hosp,1,2025-05-10,24
quantile,0.5,49,2025-05-03,wk inc covid hosp,1,2025-05-10,24
quantile,0.55,52,2025-05-03,wk inc covid hosp,1,2025-05-10,24
quantile,0.6,56,2025-05-03,wk inc covid hosp,1,2025-05-10,24
quantile,0.65,60,2025-05-03,wk inc covid hosp,1,2025-05-10,24
quantile,0.7,64,2025-05-03,wk inc covid hosp,1,2025-05-10,24
quantile,0.75,68,2025-05-03,wk inc covid hosp,1,2025-05-10,24
quantile,0.8,74,2025-05-03,wk inc covid hosp,1,2025-05-10,24
quantile,0.85,82,2025-05-03,wk inc covid hosp,1,2025-05-10,24
quantile,0.9,91,2025-05-03,wk inc covid hosp,1,2025-05-10,24
quantile,0.95,107,2025-05-03,wk inc covid hosp,1,2025-05-10,24
quantile,0.975,127.02499999999986,2025-05-03,wk inc covid hosp,1,2025-05-10,24
quantile,0.99,162.02999999999997,2025-05-03,wk inc covid hosp,1,2025-05-10,24
quantile,0.01,10,2025-05-03,wk inc covid hosp,0,2025-05-03,28
quantile,0.025,12,2025-05-03,wk inc covid hosp,0,2025-05-03,28
quantile,0.05,14,2025-05-03,wk inc covid hosp,0,2025-05-03,28
quantile,0.1,17,2025-05-03,wk inc covid hosp,0,2025-05-03,28
quantile,0.15,19,2025-05-03,wk inc covid hosp,0,2025-05-03,28
quantile,0.2,21,2025-05-03,wk inc covid hosp,0,2025-05-03,28
quantile,0.25,22,2025-05-03,wk inc covid hosp,0,2025-05-03,28
quantile,0.3,24,2025-05-03,wk inc covid hosp,0,2025-05-03,28
quantile,0.35,25,2025-05-03,wk inc covid hosp,0,2025-05-03,28
quantile,0.4,27,2025-05-03,wk inc covid hosp,0,2025-05-03,28
quantile,0.45,28,2025-05-03,wk inc covid hosp,0,2025-05-03,28
quantile,0.5,30,2025-05-03,wk inc covid hosp,0,2025-05-03,28
quantile,0.55,32,2025-05-03,wk inc covid hosp,0,2025-05-03,28
quantile,0.6,33,2025-05-03,wk inc covid hosp,0,2025-05-03,28
quantile,0.65,35,2025-05-03,wk inc covid hosp,0,2025-05-03,28
quantile,0.7,37,2025-05-03,wk inc covid hosp,0,2025-05-03,28
quantile,0.75,39,2025-05-03,wk inc covid hosp,0,2025-05-03,28
quantile,0.8,43,2025-05-03,wk inc covid hosp,0,2025-05-03,28
quantile,0.85,46,2025-05-03,wk inc covid hosp,0,2025-05-03,28
quantile,0.9,50.100000000000136,2025-05-03,wk inc covid hosp,0,2025-05-03,28
quantile,0.95,59,2025-05-03,wk inc covid hosp,0,2025-05-03,28
quantile,0.975,67.02499999999986,2025-05-03,wk inc covid hosp,0,2025-05-03,28
quantile,0.99,79,2025-05-03,wk inc covid hosp,0,2025-05-03,28
quantile,0.01,5,2025-05-03,wk inc covid hosp,1,2025-05-10,28
quantile,0.025,7,2025-05-03,wk inc covid hosp,1,2025-05-10,28
quantile,0.05,8,2025-05-03,wk inc covid hosp,1,2025-05-10,28
quantile,0.1,10,2025-05-03,wk inc covid hosp,1,2025-05-10,28
quantile,0.15,12,2025-05-03,wk inc covid hosp,1,2025-05-10,28
quantile,0.2,14,2025-05-03,wk inc covid hosp,1,2025-05-10,28
quantile,0.25,16,2025-05-03,wk inc covid hosp,1,2025-05-10,28
quantile,0.3,17,2025-05-03,wk inc covid hosp,1,2025-05-10,28
quantile,0.35,19,2025-05-03,wk inc covid hosp,1,2025-05-10,28
quantile,0.4,21,2025-05-03,wk inc covid hosp,1,2025-05-10,28
quantile,0.45,23,2025-05-03,wk inc covid hosp,1,2025-05-10,28
quantile,0.5,24,2025-05-03,wk inc covid hosp,1,2025-05-10,28
quantile,0.55,26,2025-05-03,wk inc covid hosp,1,2025-05-10,28
quantile,0.6,29,2025-05-03,wk inc covid hosp,1,2025-05-10,28
quantile,0.65,31,2025-05-03,wk inc covid hosp,1,2025-05-10,28
quantile,0.7,33,2025-05-03,wk inc covid hosp,1,2025-05-10,28
quantile,0.75,36,2025-05-03,wk inc covid hosp,1,2025-05-10,28
quantile,0.8,40,2025-05-03,wk inc covid hosp,1,2025-05-10,28
quantile,0.85,44,2025-05-03,wk inc covid hosp,1,2025-05-10,28
quantile,0.9,52,2025-05-03,wk inc covid hosp,1,2025-05-10,28
quantile,0.95,64,2025-05-03,wk inc covid hosp,1,2025-05-10,28
quantile,0.975,81,2025-05-03,wk inc covid hosp,1,2025-05-10,28
quantile,0.99,109.03999999999996,2025-05-03,wk inc covid hosp,1,2025-05-10,28
quantile,0.01,1,2025-05-03,wk inc covid hosp,0,2025-05-03,30
quantile,0.025,1,2025-05-03,wk inc covid hosp,0,2025-05-03,30
quantile,0.05,2,2025-05-03,wk inc covid hosp,0,2025-05-03,30
quantile,0.1,3,2025-05-03,wk inc covid hosp,0,2025-05-03,30
quantile,0.15,3,2025-05-03,wk inc covid hosp,0,2025-05-03,30
quantile,0.2,4,2025-05-03,wk inc covid hosp,0,2025-05-03,30
quantile,0.25,5,2025-05-03,wk inc covid hosp,0,2025-05-03,30
quantile,0.3,5,2025-05-03,wk inc covid hosp,0,2025-05-03,30
quantile,0.35,6,2025-05-03,wk inc covid hosp,0,2025-05-03,30
quantile,0.4,6,2025-05-03,wk inc covid hosp,0,2025-05-03,30
quantile,0.45,7,2025-05-03,wk inc covid hosp,0,2025-05-03,30
quantile,0.5,7,2025-05-03,wk inc covid hosp,0,2025-05-03,30
quantile,0.55,8,2025-05-03,wk inc covid hosp,0,2025-05-03,30
quantile,0.6,8,2025-05-03,wk inc covid hosp,0,2025-05-03,30
quantile,0.65,9,2025-05-03,wk inc covid hosp,0,2025-05-03,30
quantile,0.7,10,2025-05-03,wk inc covid hosp,0,2025-05-03,30
quantile,0.75,10,2025-05-03,wk inc covid hosp,0,2025-05-03,30
quantile,0.8,11,2025-05-03,wk inc covid hosp,0,2025-05-03,30
quantile,0.85,13,2025-05-03,wk inc covid hosp,0,2025-05-03,30
quantile,0.9,14,2025-05-03,wk inc covid hosp,0,2025-05-03,30
quantile,0.95,17,2025-05-03,wk inc covid hosp,0,2025-05-03,30
quantile,0.975,20,2025-05-03,wk inc covid hosp,0,2025-05-03,30
quantile,0.99,25,2025-05-03,wk inc covid hosp,0,2025-05-03,30
quantile,0.01,0,2025-05-03,wk inc covid hosp,1,2025-05-10,30
quantile,0.025,0,2025-05-03,wk inc covid hosp,1,2025-05-10,30
quantile,0.05,1,2025-05-03,wk inc covid hosp,1,2025-05-10,30
quantile,0.1,1,2025-05-03,wk inc covid hosp,1,2025-05-10,30
quantile,0.15,2,2025-05-03,wk inc covid hosp,1,2025-05-10,30
quantile,0.2,2,2025-05-03,wk inc covid hosp,1,2025-05-10,30
quantile,0.25,3,2025-05-03,wk inc covid hosp,1,2025-05-10,30
quantile,0.3,4,2025-05-03,wk inc covid hosp,1,2025-05-10,30
quantile,0.35,4,2025-05-03,wk inc covid hosp,1,2025-05-10,30
quantile,0.4,5,2025-05-03,wk inc covid hosp,1,2025-05-10,30
quantile,0.45,5,2025-05-03,wk inc covid hosp,1,2025-05-10,30
quantile,0.5,6,2025-05-03,wk inc covid hosp,1,2025-05-10,30
quantile,0.55,7,2025-05-03,wk inc covid hosp,1,2025-05-10,30
quantile,0.6,7,2025-05-03,wk inc covid hosp,1,2025-05-10,30
quantile,0.65,8,2025-05-03,wk inc covid hosp,1,2025-05-10,30
quantile,0.7,9,2025-05-03,wk inc covid hosp,1,2025-05-10,30
quantile,0.75,10,2025-05-03,wk inc covid hosp,1,2025-05-10,30
quantile,0.8,11,2025-05-03,wk inc covid hosp,1,2025-05-10,30
quantile,0.85,13,2025-05-03,wk inc covid hosp,1,2025-05-10,30
quantile,0.9,15,2025-05-03,wk inc covid hosp,1,2025-05-10,30
quantile,0.95,19,2025-05-03,wk inc covid hosp,1,2025-05-10,30
quantile,0.975,25.024999999999864,2025-05-03,wk inc covid hosp,1,2025-05-10,30
quantile,0.99,37,2025-05-03,wk inc covid hosp,1,2025-05-10,30
quantile,0.01,2.99,2025-05-03,wk inc covid hosp,0,2025-05-03,33
quantile,0.025,3,2025-05-03,wk inc covid hosp,0,2025-05-03,33
quantile,0.05,4,2025-05-03,wk inc covid hosp,0,2025-05-03,33
quantile,0.1,5,2025-05-03,wk inc covid hosp,0,2025-05-03,33
quantile,0.15,6,2025-05-03,wk inc covid hosp,0,2025-05-03,33
quantile,0.2,6,2025-05-03,wk inc covid hosp,0,2025-05-03,33
quantile,0.25,7,2025-05-03,wk inc covid hosp,0,2025-05-03,33
quantile,0.3,8,2025-05-03,wk inc covid hosp,0,2025-05-03,33
quantile,0.35,8,2025-05-03,wk inc covid hosp,0,2025-05-03,33
quantile,0.4,9,2025-05-03,wk inc covid hosp,0,2025-05-03,33
quantile,0.45,9.550000000000011,2025-05-03,wk inc covid hosp,0,2025-05-03,33
quantile,0.5,10,2025-05-03,wk inc covid hosp,0,2025-05-03,33
quantile,0.55,11,2025-05-03,wk inc covid hosp,0,2025-05-03,33
quantile,0.6,12,2025-05-03,wk inc covid hosp,0,2025-05-03,33
quantile,0.65,12,2025-05-03,wk inc covid hosp,0,2025-05-03,33
quantile,0.7,13,2025-05-03,wk inc covid hosp,0,2025-05-03,33
quantile,0.75,14,2025-05-03,wk inc covid hosp,0,2025-05-03,33
quantile,0.8,15,2025-05-03,wk inc covid hosp,0,2025-05-03,33
quantile,0.85,17,2025-05-03,wk inc covid hosp,0,2025-05-03,33
quantile,0.9,18,2025-05-03,wk inc covid hosp,0,2025-05-03,33
quantile,0.95,22,2025-05-03,wk inc covid hosp,0,2025-05-03,33
quantile,0.975,26.524999999999977,2025-05-03,wk inc covid hosp,0,2025-05-03,33
quantile,0.99,31.00999999999999,2025-05-03,wk inc covid hosp,0,2025-05-03,33
quantile,0.01,1,2025-05-03,wk inc covid hosp,1,2025-05-10,33
quantile,0.025,1,2025-05-03,wk inc covid hosp,1,2025-05-10,33
quantile,0.05,2,2025-05-03,wk inc covid hosp,1,2025-05-10,33
quantile,0.1,3,2025-05-03,wk inc covid hosp,1,2025-05-10,33
quantile,0.15,3,2025-05-03,wk inc covid hosp,1,2025-05-10,33
quantile,0.2,4,2025-05-03,wk inc covid hosp,1,2025-05-10,33
quantile,0.25,4,2025-05-03,wk inc covid hosp,1,2025-05-10,33
quantile,0.3,5,2025-05-03,wk inc covid hosp,1,2025-05-10,33
quantile,0.35,5,2025-05-03,wk inc covid hosp,1,2025-05-10,33
quantile,0.4,6,2025-05-03,wk inc covid hosp,1,2025-05-10,33
quantile,0.45,6,2025-05-03,wk inc covid hosp,1,2025-05-10,33
quantile,0.5,7,2025-05-03,wk inc covid hosp,1,2025-05-10,33
quantile,0.55,8,2025-05-03,wk inc covid hosp,1,2025-05-10,33
quantile,0.6,8,2025-05-03,wk inc covid hosp,1,2025-05-10,33
quantile,0.65,9,2025-05-03,wk inc covid hosp,1,2025-05-10,33
quantile,0.7,10,2025-05-03,wk inc covid hosp,1,2025-05-10,33
quantile,0.75,11,2025-05-03,wk inc covid hosp,1,2025-05-10,33
quantile,0.8,12,2025-05-03,wk inc covid hosp,1,2025-05-10,33
quantile,0.85,14,2025-05-03,wk inc covid hosp,1,2025-05-10,33
quantile,0.9,18,2025-05-03,wk inc covid hosp,1,2025-05-10,33
quantile,0.95,23,2025-05-03,wk inc covid hosp,1,2025-05-10,33
quantile,0.975,28.524999999999977,2025-05-03,wk inc covid hosp,1,2025-05-10,33
quantile,0.99,32.00999999999999,2025-05-03,wk inc covid hosp,1,2025-05-10,33
quantile,0.01,7,2025-05-03,wk inc covid hosp,0,2025-05-03,35
quantile,0.025,9,2025-05-03,wk inc covid hosp,0,2025-05-03,35
quantile,0.05,11,2025-05-03,wk inc covid hosp,0,2025-05-03,35
quantile,0.1,13,2025-05-03,wk inc covid hosp,0,2025-05-03,35
quantile,0.15,14,2025-05-03,wk inc covid hosp,0,2025-05-03,35
quantile,0.2,16,2025-05-03,wk inc covid hosp,0,2025-05-03,35
quantile,0.25,17,2025-05-03,wk inc covid hosp,0,2025-05-03,35
quantile,0.3,18,2025-05-03,wk inc covid hosp,0,2025-05-03,35
quantile,0.35,20,2025-05-03,wk inc covid hosp,0,2025-05-03,35
quantile,0.4,21,2025-05-03,wk inc covid hosp,0,2025-05-03,35
quantile,0.45,22,2025-05-03,wk inc covid hosp,0,2025-05-03,35
quantile,0.5,23,2025-05-03,wk inc covid hosp,0,2025-05-03,35
quantile,0.55,24,2025-05-03,wk inc covid hosp,0,2025-05-03,35
quantile,0.6,26,2025-05-03,wk inc covid hosp,0,2025-05-03,35
quantile,0.65,27,2025-05-03,wk inc covid hosp,0,2025-05-03,35
quantile,0.7,28,2025-05-03,wk inc covid hosp,0,2025-05-03,35
quantile,0.75,30,2025-05-03,wk inc covid hosp,0,2025-05-03,35
quantile,0.8,32,2025-05-03,wk inc covid hosp,0,2025-05-03,35
quantile,0.85,35,2025-05-03,wk inc covid hosp,0,2025-05-03,35
quantile,0.9,38,2025-05-03,wk inc covid hosp,0,2025-05-03,35
quantile,0.95,44.049999999999955,2025-05-03,wk inc covid hosp,0,2025-05-03,35
quantile,0.975,50,2025-05-03,wk inc covid hosp,0,2025-05-03,35
quantile,0.99,58,2025-05-03,wk inc covid hosp,0,2025-05-03,35
quantile,0.01,4,2025-05-03,wk inc covid hosp,1,2025-05-10,35
quantile,0.025,6,2025-05-03,wk inc covid hosp,1,2025-05-10,35
quantile,0.05,7,2025-05-03,wk inc covid hosp,1,2025-05-10,35
quantile,0.1,10,2025-05-03,wk inc covid hosp,1,2025-05-10,35
quantile,0.15,11,2025-05-03,wk inc covid hosp,1,2025-05-10,35
quantile,0.2,13,2025-05-03,wk inc covid hosp,1,2025-05-10,35
quantile,0.25,14,2025-05-03,wk inc covid hosp,1,2025-05-10,35
quantile,0.3,15,2025-05-03,wk inc covid hosp,1,2025-05-10,35
quantile,0.35,17,2025-05-03,wk inc covid hosp,1,2025-05-10,35
quantile,0.4,18,2025-05-03,wk inc covid hosp,1,2025-05-10,35
quantile,0.45,20,2025-05-03,wk inc covid hosp,1,2025-05-10,35
quantile,0.5,21,2025-05-03,wk inc covid hosp,1,2025-05-10,35
quantile,0.55,23,2025-05-03,wk inc covid hosp,1,2025-05-10,35
quantile,0.6,25,2025-05-03,wk inc covid hosp,1,2025-05-10,35
quantile,0.65,27,2025-05-03,wk inc covid hosp,1,2025-05-10,35
quantile,0.7,29,2025-05-03,wk inc covid hosp,1,2025-05-10,35
quantile,0.75,32,2025-05-03,wk inc covid hosp,1,2025-05-10,35
quantile,0.8,35,2025-05-03,wk inc covid hosp,1,2025-05-10,35
quantile,0.85,40,2025-05-03,wk inc covid hosp,1,2025-05-10,35
quantile,0.9,46,2025-05-03,wk inc covid hosp,1,2025-05-10,35
quantile,0.95,58,2025-05-03,wk inc covid hosp,1,2025-05-10,35
quantile,0.975,73,2025-05-03,wk inc covid hosp,1,2025-05-10,35
quantile,0.99,88.00999999999999,2025-05-03,wk inc covid hosp,1,2025-05-10,35
quantile,0.01,17,2025-05-03,wk inc covid hosp,0,2025-05-03,32
quantile,0.025,19,2025-05-03,wk inc covid hosp,0,2025-05-03,32
quantile,0.05,21,2025-05-03,wk inc covid hosp,0,2025-05-03,32
quantile,0.1,23,2025-05-03,wk inc covid hosp,0,2025-05-03,32
quantile,0.15,25,2025-05-03,wk inc covid hosp,0,2025-05-03,32
quantile,0.2,27,2025-05-03,wk inc covid hosp,0,2025-05-03,32
quantile,0.25,28,2025-05-03,wk inc covid hosp,0,2025-05-03,32
quantile,0.3,29,2025-05-03,wk inc covid hosp,0,2025-05-03,32
quantile,0.35,31,2025-05-03,wk inc covid hosp,0,2025-05-03,32
quantile,0.4,32,2025-05-03,wk inc covid hosp,0,2025-05-03,32
quantile,0.45,33,2025-05-03,wk inc covid hosp,0,2025-05-03,32
quantile,0.5,34,2025-05-03,wk inc covid hosp,0,2025-05-03,32
quantile,0.55,35,2025-05-03,wk inc covid hosp,0,2025-05-03,32
quantile,0.6,36,2025-05-03,wk inc covid hosp,0,2025-05-03,32
quantile,0.65,38,2025-05-03,wk inc covid hosp,0,2025-05-03,32
quantile,0.7,39,2025-05-03,wk inc covid hosp,0,2025-05-03,32
quantile,0.75,41,2025-05-03,wk inc covid hosp,0,2025-05-03,32
quantile,0.8,43,2025-05-03,wk inc covid hosp,0,2025-05-03,32
quantile,0.85,45,2025-05-03,wk inc covid hosp,0,2025-05-03,32
quantile,0.9,48,2025-05-03,wk inc covid hosp,0,2025-05-03,32
quantile,0.95,53,2025-05-03,wk inc covid hosp,0,2025-05-03,32
quantile,0.975,58,2025-05-03,wk inc covid hosp,0,2025-05-03,32
quantile,0.99,62,2025-05-03,wk inc covid hosp,0,2025-05-03,32
quantile,0.01,15,2025-05-03,wk inc covid hosp,1,2025-05-10,32
quantile,0.025,17,2025-05-03,wk inc covid hosp,1,2025-05-10,32
quantile,0.05,20,2025-05-03,wk inc covid hosp,1,2025-05-10,32
quantile,0.1,23,2025-05-03,wk inc covid hosp,1,2025-05-10,32
quantile,0.15,25,2025-05-03,wk inc covid hosp,1,2025-05-10,32
quantile,0.2,27,2025-05-03,wk inc covid hosp,1,2025-05-10,32
quantile,0.25,28,2025-05-03,wk inc covid hosp,1,2025-05-10,32
quantile,0.3,30,2025-05-03,wk inc covid hosp,1,2025-05-10,32
quantile,0.35,31,2025-05-03,wk inc covid hosp,1,2025-05-10,32
quantile,0.4,32,2025-05-03,wk inc covid hosp,1,2025-05-10,32
quantile,0.45,33,2025-05-03,wk inc covid hosp,1,2025-05-10,32
quantile,0.5,34,2025-05-03,wk inc covid hosp,1,2025-05-10,32
quantile,0.55,36,2025-05-03,wk inc covid hosp,1,2025-05-10,32
quantile,0.6,37,2025-05-03,wk inc covid hosp,1,2025-05-10,32
quantile,0.65,39,2025-05-03,wk inc covid hosp,1,2025-05-10,32
quantile,0.7,41,2025-05-03,wk inc covid hosp,1,2025-05-10,32
quantile,0.75,43,2025-05-03,wk inc covid hosp,1,2025-05-10,32
quantile,0.8,46,2025-05-03,wk inc covid hosp,1,2025-05-10,32
quantile,0.85,50,2025-05-03,wk inc covid hosp,1,2025-05-10,32
quantile,0.9,56,2025-05-03,wk inc covid hosp,1,2025-05-10,32
quantile,0.95,66,2025-05-03,wk inc covid hosp,1,2025-05-10,32
quantile,0.975,78,2025-05-03,wk inc covid hosp,1,2025-05-10,32
quantile,0.99,92.00999999999999,2025-05-03,wk inc covid hosp,1,2025-05-10,32
quantile,0.01,1,2025-05-03,wk inc covid hosp,0,2025-05-03,46
quantile,0.025,2,2025-05-03,wk inc covid hosp,0,2025-05-03,46
quantile,0.05,3,2025-05-03,wk inc covid hosp,0,2025-05-03,46
quantile,0.1,4,2025-05-03,wk inc covid hosp,0,2025-05-03,46
quantile,0.15,4,2025-05-03,wk inc covid hosp,0,2025-05-03,46
quantile,0.2,5,2025-05-03,wk inc covid hosp,0,2025-05-03,46
quantile,0.25,6,2025-05-03,wk inc covid hosp,0,2025-05-03,46
quantile,0.3,6,2025-05-03,wk inc covid hosp,0,2025-05-03,46
quantile,0.35,7,2025-05-03,wk inc covid hosp,0,2025-05-03,46
quantile,0.4,7,2025-05-03,wk inc covid hosp,0,2025-05-03,46
quantile,0.45,8,2025-05-03,wk inc covid hosp,0,2025-05-03,46
quantile,0.5,8,2025-05-03,wk inc covid hosp,0,2025-05-03,46
quantile,0.55,9,2025-05-03,wk inc covid hosp,0,2025-05-03,46
quantile,0.6,10,2025-05-03,wk inc covid hosp,0,2025-05-03,46
quantile,0.65,10,2025-05-03,wk inc covid hosp,0,2025-05-03,46
quantile,0.7,11,2025-05-03,wk inc covid hosp,0,2025-05-03,46
quantile,0.75,12,2025-05-03,wk inc covid hosp,0,2025-05-03,46
quantile,0.8,13,2025-05-03,wk inc covid hosp,0,2025-05-03,46
quantile,0.85,14,2025-05-03,wk inc covid hosp,0,2025-05-03,46
quantile,0.9,16,2025-05-03,wk inc covid hosp,0,2025-05-03,46
quantile,0.95,19,2025-05-03,wk inc covid hosp,0,2025-05-03,46
quantile,0.975,21.524999999999864,2025-05-03,wk inc covid hosp,0,2025-05-03,46
quantile,0.99,25,2025-05-03,wk inc covid hosp,0,2025-05-03,46
quantile,0.01,0,2025-05-03,wk inc covid hosp,1,2025-05-10,46
quantile,0.025,1,2025-05-03,wk inc covid hosp,1,2025-05-10,46
quantile,0.05,1,2025-05-03,wk inc covid hosp,1,2025-05-10,46
quantile,0.1,2,2025-05-03,wk inc covid hosp,1,2025-05-10,46
quantile,0.15,3,2025-05-03,wk inc covid hosp,1,2025-05-10,46
quantile,0.2,3,2025-05-03,wk inc covid hosp,1,2025-05-10,46
quantile,0.25,4,2025-05-03,wk inc covid hosp,1,2025-05-10,46
quantile,0.3,4,2025-05-03,wk inc covid hosp,1,2025-05-10,46
quantile,0.35,5,2025-05-03,wk inc covid hosp,1,2025-05-10,46
quantile,0.4,5,2025-05-03,wk inc covid hosp,1,2025-05-10,46
quantile,0.45,6,2025-05-03,wk inc covid hosp,1,2025-05-10,46
quantile,0.5,7,2025-05-03,wk inc covid hosp,1,2025-05-10,46
quantile,0.55,7,2025-05-03,wk inc covid hosp,1,2025-05-10,46
quantile,0.6,8,2025-05-03,wk inc covid hosp,1,2025-05-10,46
quantile,0.65,9,2025-05-03,wk inc covid hosp,1,2025-05-10,46
quantile,0.7,10,2025-05-03,wk inc covid hosp,1,2025-05-10,46
quantile,0.75,11,2025-05-03,wk inc covid hosp,1,2025-05-10,46
quantile,0.8,12,2025-05-03,wk inc covid hosp,1,2025-05-10,46
quantile,0.85,14,2025-05-03,wk inc covid hosp,1,2025-05-10,46
quantile,0.9,16,2025-05-03,wk inc covid hosp,1,2025-05-10,46
quantile,0.95,21,2025-05-03,wk inc covid hosp,1,2025-05-10,46
quantile,0.975,25,2025-05-03,wk inc covid hosp,1,2025-05-10,46
quantile,0.99,30,2025-05-03,wk inc covid hosp,1,2025-05-10,46
quantile,0.01,0,2025-05-03,wk inc covid hosp,0,2025-05-03,50
quantile,0.025,1,2025-05-03,wk inc covid hosp,0,2025-05-03,50
quantile,0.05,1,2025-05-03,wk inc covid hosp,0,2025-05-03,50
quantile,0.1,2,2025-05-03,wk inc covid hosp,0,2025-05-03,50
quantile,0.15,3,2025-05-03,wk inc covid hosp,0,2025-05-03,50
quantile,0.2,3,2025-05-03,wk inc covid hosp,0,2025-05-03,50
quantile,0.25,4,2025-05-03,wk inc covid hosp,0,2025-05-03,50
quantile,0.3,4,2025-05-03,wk inc covid hosp,0,2025-05-03,50
quantile,0.35,4,2025-05-03,wk inc covid hosp,0,2025-05-03,50
quantile,0.4,5,2025-05-03,wk inc covid hosp,0,2025-05-03,50
quantile,0.45,5,2025-05-03,wk inc covid hosp,0,2025-05-03,50
quantile,0.5,6,2025-05-03,wk inc covid hosp,0,2025-05-03,50
quantile,0.55,6,2025-05-03,wk inc covid hosp,0,2025-05-03,50
quantile,0.6,7,2025-05-03,wk inc covid hosp,0,2025-05-03,50
quantile,0.65,7,2025-05-03,wk inc covid hosp,0,2025-05-03,50
quantile,0.7,8,2025-05-03,wk inc covid hosp,0,2025-05-03,50
quantile,0.75,9,2025-05-03,wk inc covid hosp,0,2025-05-03,50
quantile,0.8,10,2025-05-03,wk inc covid hosp,0,2025-05-03,50
quantile,0.85,11,2025-05-03,wk inc covid hosp,0,2025-05-03,50
quantile,0.9,12,2025-05-03,wk inc covid hosp,0,2025-05-03,50
quantile,0.95,15,2025-05-03,wk inc covid hosp,0,2025-05-03,50
quantile,0.975,18,2025-05-03,wk inc covid hosp,0,2025-05-03,50
quantile,0.99,21,2025-05-03,wk inc covid hosp,0,2025-05-03,50
quantile,0.01,0,2025-05-03,wk inc covid hosp,1,2025-05-10,50
quantile,0.025,0,2025-05-03,wk inc covid hosp,1,2025-05-10,50
quantile,0.05,1,2025-05-03,wk inc covid hosp,1,2025-05-10,50
quantile,0.1,1,2025-05-03,wk inc covid hosp,1,2025-05-10,50
quantile,0.15,2,2025-05-03,wk inc covid hosp,1,2025-05-10,50
quantile,0.2,2,2025-05-03,wk inc covid hosp,1,2025-05-10,50
quantile,0.25,3,2025-05-03,wk inc covid hosp,1,2025-05-10,50
quantile,0.3,3,2025-05-03,wk inc covid hosp,1,2025-05-10,50
quantile,0.35,4,2025-05-03,wk inc covid hosp,1,2025-05-10,50
quantile,0.4,4,2025-05-03,wk inc covid hosp,1,2025-05-10,50
quantile,0.45,5,2025-05-03,wk inc covid hosp,1,2025-05-10,50
quantile,0.5,5,2025-05-03,wk inc covid hosp,1,2025-05-10,50
quantile,0.55,6,2025-05-03,wk inc covid hosp,1,2025-05-10,50
quantile,0.6,7,2025-05-03,wk inc covid hosp,1,2025-05-10,50
quantile,0.65,8,2025-05-03,wk inc covid hosp,1,2025-05-10,50
quantile,0.7,8,2025-05-03,wk inc covid hosp,1,2025-05-10,50
quantile,0.75,10,2025-05-03,wk inc covid hosp,1,2025-05-10,50
quantile,0.8,11,2025-05-03,wk inc covid hosp,1,2025-05-10,50
quantile,0.85,13,2025-05-03,wk inc covid hosp,1,2025-05-10,50
quantile,0.9,15,2025-05-03,wk inc covid hosp,1,2025-05-10,50
quantile,0.95,21,2025-05-03,wk inc covid hosp,1,2025-05-10,50
quantile,0.975,24.024999999999864,2025-05-03,wk inc covid hosp,1,2025-05-10,50
quantile,0.99,31,2025-05-03,wk inc covid hosp,1,2025-05-10,50
